,mean_fit_time,std_fit_time,mean_score_time,std_score_time,param_learning_rate,param_max_bins,param_max_depth,param_min_samples_leaf,param_n_estimators,param_num_leaves,param_scoring,param_tol,params,split0_test_score,split1_test_score,split2_test_score,mean_test_score,std_test_score,rank_test_score,split0_train_score,split1_train_score,split2_train_score,mean_train_score,std_train_score,rank_train_score
0,7.685999234517415,0.11029115385892437,0.003986358642578125,0.0011853717316745046,0.5,64,3,2,200,255,loss,1e-06,"OrderedDict([('learning_rate', 0.5), ('max_bins', 64), ('max_depth', 3), ('min_samples_leaf', 2), ('n_estimators', 200), ('num_leaves', 255), ('scoring', 'loss'), ('tol', 1e-06)])",-0.952448121253594,-0.9565242235812627,-0.9013505453722505,-0.9367742967357023,0.025103589026819157,138,-0.018826206628975484,-0.02031023517326034,-0.018858250853015176,-0.019331564218417002,0.0006921485083728092,12
1,7.228722810745239,0.10321579426224116,0.004495143890380859,0.001481018945614416,0.5,128,5,4,100,127,recall,1e-06,"OrderedDict([('learning_rate', 0.5), ('max_bins', 128), ('max_depth', 5), ('min_samples_leaf', 4), ('n_estimators', 100), ('num_leaves', 127), ('scoring', 'recall'), ('tol', 1e-06)])",-1.1067064611424735,-1.0562530764055345,-1.1470408740618525,-1.1033334705366202,0.037140623312320424,141,-0.005499177936604928,-0.003570355810998131,-0.0034219343395372995,-0.004163822695713452,0.0009461809016003572,8
2,5.151027282079061,0.5737854855245089,0.0033049583435058594,0.0011080479972414995,1.0,128,7,2,100,31,balanced_accuracy,1e-05,"OrderedDict([('learning_rate', 1.0), ('max_bins', 128), ('max_depth', 7), ('min_samples_leaf', 2), ('n_estimators', 100), ('num_leaves', 31), ('scoring', 'balanced_accuracy'), ('tol', 1e-05)])",-1.5595312896508373,-12.687365992969237,-21.04949357924441,-11.765463620621494,7.983403012940876,150,-5.209239486207576e-05,-14.79082190868154,-23.69403509643159,-12.828303032502665,9.772062829086265,150
3,7.256816943486531,0.1382116796484193,0.003291924794514974,0.0011811581632267104,1.0,64,5,4,100,31,roc_auc,1e-07,"OrderedDict([('learning_rate', 1.0), ('max_bins', 64), ('max_depth', 5), ('min_samples_leaf', 4), ('n_estimators', 100), ('num_leaves', 31), ('scoring', 'roc_auc'), ('tol', 1e-07)])",-1.9566096014308383,-1.5902742245914088,-1.9082619015313902,-1.818381909184546,0.16249966533139554,148,-8.333774310504994e-05,-8.887527881735833e-05,-8.233072252865199e-05,-8.484791481702008e-05,2.877298293392322e-06,2
4,6.111388762791951,0.5032511789895289,0.003032684326171875,0.00037225241881999675,1.0,32,9,2,50,255,f1,1e-06,"OrderedDict([('learning_rate', 1.0), ('max_bins', 32), ('max_depth', 9), ('min_samples_leaf', 2), ('n_estimators', 50), ('num_leaves', 255), ('scoring', 'f1'), ('tol', 1e-06)])",-12.586672612072658,-1.5166848814657565,-1.4739302774778826,-5.192429257005433,5.228548752410966,149,-17.733477467445635,-7.23621299030385e-05,-6.483142008695851e-05,-5.911204886998541,8.359609110670489,149
5,3.4190473556518555,0.04268665024045545,0.003245115280151367,0.0008755835459568115,0.5,32,3,3,100,127,balanced_accuracy,1e-06,"OrderedDict([('learning_rate', 0.5), ('max_bins', 32), ('max_depth', 3), ('min_samples_leaf', 3), ('n_estimators', 100), ('num_leaves', 127), ('scoring', 'balanced_accuracy'), ('tol', 1e-06)])",-0.8006055553157826,-0.7049997902429097,-0.8071914143021591,-0.7709322532869506,0.04669875549332095,136,-0.06988300178102534,-0.056210489642280315,-0.05871475941563937,-0.061602750279648344,0.005943610881665678,18
6,12.426773309707642,0.22489026373241236,0.0036706129709879556,0.0005896862305029853,0.5,32,7,3,100,31,recall,1e-07,"OrderedDict([('learning_rate', 0.5), ('max_bins', 32), ('max_depth', 7), ('min_samples_leaf', 3), ('n_estimators', 100), ('num_leaves', 31), ('scoring', 'recall'), ('tol', 1e-07)])",-1.4678699666138484,-1.2196894204038136,-1.5355873356868872,-1.4077155742348495,0.13579834660729587,144,-0.00022611236113850614,-0.0002667486764471803,-0.00017876951099389751,-0.000223876849526528,3.5952111876675564e-05,5
7,9.576772689819336,0.16330844520828924,0.0029501120249430337,0.0005888862433475432,0.5,32,9,3,50,127,precision,1e-06,"OrderedDict([('learning_rate', 0.5), ('max_bins', 32), ('max_depth', 9), ('min_samples_leaf', 3), ('n_estimators', 50), ('num_leaves', 127), ('scoring', 'precision'), ('tol', 1e-06)])",-1.4910915120081747,-1.2405458925126867,-1.2796875852641107,-1.3371083299283242,0.11004887792988184,143,-0.0002514523337437211,-0.00022927464842024666,-0.0001788370844587798,-0.0002198546888742492,3.038415525198086e-05,4
8,1.5631074905395508,0.09619488745680516,0.0024445056915283203,0.0006197672811377527,0.5,64,3,2,50,127,precision,1e-06,"OrderedDict([('learning_rate', 0.5), ('max_bins', 64), ('max_depth', 3), ('min_samples_leaf', 2), ('n_estimators', 50), ('num_leaves', 127), ('scoring', 'precision'), ('tol', 1e-06)])",-0.667180696848061,-0.6743002383193027,-0.6691774919309655,-0.6702194756994432,0.0029984735361525436,130,-0.07777208657583105,-0.08155573047048503,-0.07072900997454488,-0.07668560900695366,0.004486260083488839,23
9,3.4206292629241943,0.04626876863438501,0.002593437830607096,0.000475813136977757,0.5,128,3,5,100,127,roc_auc,1e-07,"OrderedDict([('learning_rate', 0.5), ('max_bins', 128), ('max_depth', 3), ('min_samples_leaf', 5), ('n_estimators', 100), ('num_leaves', 127), ('scoring', 'roc_auc'), ('tol', 1e-07)])",-0.8866296902094792,-0.6864520893452462,-0.7643221466443663,-0.779134642066364,0.08239063655298894,137,-0.06443032063879132,-0.07175455419836484,-0.05134063849777126,-0.06250850444497581,0.008444012540249802,19
10,1.5838560263315837,0.047012066284411874,0.0024101734161376953,0.0002229401976579706,0.5,128,3,2,50,127,precision,1e-05,"OrderedDict([('learning_rate', 0.5), ('max_bins', 128), ('max_depth', 3), ('min_samples_leaf', 2), ('n_estimators', 50), ('num_leaves', 127), ('scoring', 'precision'), ('tol', 1e-05)])",-0.6982782748639744,-0.649936975014445,-0.7201561793514375,-0.689457143076619,0.02933761452399172,131,-0.0849760960013252,-0.07543544365992591,-0.06838925457551029,-0.0762669314122538,0.006797026606440295,22
11,11.987487554550171,0.1334054666171841,0.002653360366821289,0.0005437188884246627,0.1,32,7,4,100,255,balanced_accuracy,1e-07,"OrderedDict([('learning_rate', 0.1), ('max_bins', 32), ('max_depth', 7), ('min_samples_leaf', 4), ('n_estimators', 100), ('num_leaves', 255), ('scoring', 'balanced_accuracy'), ('tol', 1e-07)])",-0.64173713476586,-0.5246530604586634,-0.6123398102986606,-0.5929100018410614,0.04973468411894948,125,-0.09751127144637654,-0.10296714831517886,-0.09092801831460988,-0.09713547935872176,0.004922132164181697,27
12,4.682199954986572,0.08188921274233078,0.0024219353993733725,0.0003935377892615064,0.1,128,7,5,50,31,accuracy,1e-06,"OrderedDict([('learning_rate', 0.1), ('max_bins', 128), ('max_depth', 7), ('min_samples_leaf', 5), ('n_estimators', 50), ('num_leaves', 31), ('scoring', 'accuracy'), ('tol', 1e-06)])",-0.5754864057778146,-0.5267634290770015,-0.5853109869976009,-0.5625202739508056,0.02560005944697547,122,-0.14737814861848336,-0.15296479525281367,-0.12273279083865146,-0.14102524490331617,0.0131342570386279,32
13,3.5168186028798423,0.0716119782070246,0.0025071303049723306,0.0006597737350853721,0.5,64,3,1,100,127,balanced_accuracy,1e-06,"OrderedDict([('learning_rate', 0.5), ('max_bins', 64), ('max_depth', 3), ('min_samples_leaf', 1), ('n_estimators', 100), ('num_leaves', 127), ('scoring', 'balanced_accuracy'), ('tol', 1e-06)])",-0.7728545747521177,-0.7401016129276659,-0.7852799849353237,-0.7660787242050358,0.01905615276479618,135,-0.04674438585044978,-0.039618288436165994,-0.04967773544757578,-0.045346803244730526,0.0042239828281451074,15
14,8.200620969136557,0.06629961985675034,0.003221591313680013,0.0007144648453181943,0.5,64,7,2,50,127,precision,1e-06,"OrderedDict([('learning_rate', 0.5), ('max_bins', 64), ('max_depth', 7), ('min_samples_leaf', 2), ('n_estimators', 50), ('num_leaves', 127), ('scoring', 'precision'), ('tol', 1e-06)])",-1.200498645514488,-1.1702455600718626,-1.4033787043844816,-1.2580409699902775,0.10350879213487096,142,-0.0008314109571953944,-0.000544715087215349,-0.0002580315551681727,-0.0005447191998596386,0.00023408116068286938,6
15,21.949768543243408,0.094226818638879,0.0035341580708821616,0.0012571089546967304,0.1,64,5,1,200,127,precision,1e-05,"OrderedDict([('learning_rate', 0.1), ('max_bins', 64), ('max_depth', 5), ('min_samples_leaf', 1), ('n_estimators', 200), ('num_leaves', 127), ('scoring', 'precision'), ('tol', 1e-05)])",-0.6127882983438991,-0.5499630692206319,-0.6252595840236636,-0.5960036505293981,0.032951323565358404,126,-0.07757047461357039,-0.07280330596196796,-0.060524952009525665,-0.07029957752835468,0.007180480590378922,21
16,1.5405863920847576,0.014118104386808867,0.003407637278238932,0.0003802361178349022,0.1,128,3,3,50,31,roc_auc,1e-06,"OrderedDict([('learning_rate', 0.1), ('max_bins', 128), ('max_depth', 3), ('min_samples_leaf', 3), ('n_estimators', 50), ('num_leaves', 31), ('scoring', 'roc_auc'), ('tol', 1e-06)])",-0.5292589636463975,-0.4851971592802631,-0.49780958731020086,-0.5040885700789538,0.018527994485059575,95,-0.30505824388643393,-0.3118044816041973,-0.2778280065382025,-0.29823024400961123,0.014687100944160944,79
17,8.570166190465292,0.35973566149427855,0.004077514012654622,0.0015466047447682623,0.1,32,5,2,100,127,precision,1e-06,"OrderedDict([('learning_rate', 0.1), ('max_bins', 32), ('max_depth', 5), ('min_samples_leaf', 2), ('n_estimators', 100), ('num_leaves', 127), ('scoring', 'precision'), ('tol', 1e-06)])",-0.569140310648862,-0.46218748911548196,-0.5572176374073018,-0.5295151457238819,0.04785601698560812,116,-0.1404166833826999,-0.12314079147760054,-0.12555062024471647,-0.12970269836833898,0.007639542954813795,31
18,4.382744471232097,0.052051446878184734,0.0029317537943522134,0.00047914314317305036,0.1,128,5,2,50,127,recall,1e-07,"OrderedDict([('learning_rate', 0.1), ('max_bins', 128), ('max_depth', 5), ('min_samples_leaf', 2), ('n_estimators', 50), ('num_leaves', 127), ('scoring', 'recall'), ('tol', 1e-07)])",-0.5255969120407784,-0.5093574616420395,-0.5110698902902384,-0.5153414213243521,0.0072853469532947815,106,-0.16548934880587957,-0.1734576910035648,-0.14316813681606955,-0.1607050588751713,0.012820071394109844,40
19,7.919515609741211,0.25395736982614475,0.0038215319315592446,0.001357735152164248,0.1,64,3,3,200,255,roc_auc,1e-06,"OrderedDict([('learning_rate', 0.1), ('max_bins', 64), ('max_depth', 3), ('min_samples_leaf', 3), ('n_estimators', 200), ('num_leaves', 255), ('scoring', 'roc_auc'), ('tol', 1e-06)])",-0.5541370542908057,-0.5023561608831217,-0.538945598684706,-0.5318129379528779,0.021732791926196166,117,-0.22836481106476486,-0.22259148030710507,-0.2123735894323099,-0.22110996026805996,0.00661190686283178,49
20,6.8087137540181475,0.17063874171277388,0.0029292901357014975,0.0005800208178856651,0.1,128,9,4,50,31,f1,1e-06,"OrderedDict([('learning_rate', 0.1), ('max_bins', 128), ('max_depth', 9), ('min_samples_leaf', 4), ('n_estimators', 50), ('num_leaves', 31), ('scoring', 'f1'), ('tol', 1e-06)])",-0.5966315981520699,-0.5611796299182772,-0.6173821080154728,-0.5917311120286066,0.023204751083217554,124,-0.09333149751880687,-0.09594781359468253,-0.06403724756566133,-0.08443885289305024,0.014465600630533324,25
21,1.5020833015441895,0.026212303533769906,0.002743403116861979,0.0007147708503151666,0.1,128,3,5,50,255,f1,1e-05,"OrderedDict([('learning_rate', 0.1), ('max_bins', 128), ('max_depth', 3), ('min_samples_leaf', 5), ('n_estimators', 50), ('num_leaves', 255), ('scoring', 'f1'), ('tol', 1e-05)])",-0.5135918793998127,-0.47867932782642053,-0.506212965714934,-0.4994947243137224,0.015023817534943341,92,-0.3097496796555313,-0.3138704100835125,-0.28045048574632364,-0.3013568584951225,0.01487845020936459,84
22,13.936346213022867,0.056826640406269474,0.0027587413787841797,0.0004134652496634531,0.1,32,9,4,100,31,loss,1e-05,"OrderedDict([('learning_rate', 0.1), ('max_bins', 32), ('max_depth', 9), ('min_samples_leaf', 4), ('n_estimators', 100), ('num_leaves', 31), ('scoring', 'loss'), ('tol', 1e-05)])",-0.6620434458424317,-0.5566698598313163,-0.6309243915771489,-0.6165458990836323,0.04420372489583553,127,-0.06178861851304387,-0.06595735299383496,-0.05634227249179251,-0.06136274799955712,0.003936874186109441,17
23,1.5164923667907715,0.045589533261774506,0.002652406692504883,0.000551906825748265,0.1,64,3,3,50,31,f1,1e-07,"OrderedDict([('learning_rate', 0.1), ('max_bins', 64), ('max_depth', 3), ('min_samples_leaf', 3), ('n_estimators', 50), ('num_leaves', 31), ('scoring', 'f1'), ('tol', 1e-07)])",-0.5179308039228696,-0.4832366805299424,-0.4974265651082387,-0.4995313498536835,0.014241796202712818,93,-0.304289863817497,-0.31174056031552844,-0.2825918058948377,-0.29954074334262104,0.01236468304036674,83
24,30.12812892595927,0.14497212410671537,0.003668626149495443,0.0007689852958742608,0.1,128,9,3,200,31,loss,1e-07,"OrderedDict([('learning_rate', 0.1), ('max_bins', 128), ('max_depth', 9), ('min_samples_leaf', 3), ('n_estimators', 200), ('num_leaves', 31), ('scoring', 'loss'), ('tol', 1e-07)])",-0.7784592148357934,-0.6839049063564316,-0.821843490834936,-0.761402537342387,0.057590282498114376,134,-0.021140910151353623,-0.017883764368547186,-0.012028166714475147,-0.017017613744791986,0.003770339146006769,11
25,1.4945144653320312,0.046071325078016166,0.0026801427205403647,0.0004523257415852608,0.1,32,3,4,50,127,precision,1e-07,"OrderedDict([('learning_rate', 0.1), ('max_bins', 32), ('max_depth', 3), ('min_samples_leaf', 4), ('n_estimators', 50), ('num_leaves', 127), ('scoring', 'precision'), ('tol', 1e-07)])",-0.5176748457859417,-0.44678273019855136,-0.5184816728567996,-0.4943130829470976,0.033610648776655004,84,-0.305511150832172,-0.3163568568701773,-0.28721088599754413,-0.3030262978999645,0.01202782260976941,85
26,6.331246455510457,0.24367843356696434,0.0025014877319335938,0.00030599059414691343,0.1,128,7,3,50,255,accuracy,1e-05,"OrderedDict([('learning_rate', 0.1), ('max_bins', 128), ('max_depth', 7), ('min_samples_leaf', 3), ('n_estimators', 50), ('num_leaves', 255), ('scoring', 'accuracy'), ('tol', 1e-05)])",-0.5715529010094518,-0.5261830988640602,-0.5593443366674877,-0.5523601121803333,0.019169233690877682,120,-0.11266972304279883,-0.10030086522028309,-0.09848678606718546,-0.1038191247767558,0.006301985826895567,28
27,3.3241578737894693,0.027990453044237133,0.002567768096923828,0.00034285569873378837,0.1,64,3,4,100,127,recall,1e-06,"OrderedDict([('learning_rate', 0.1), ('max_bins', 64), ('max_depth', 3), ('min_samples_leaf', 4), ('n_estimators', 100), ('num_leaves', 127), ('scoring', 'recall'), ('tol', 1e-06)])",-0.5293608281638397,-0.4806884893783648,-0.5209765908567081,-0.5103419694663042,0.02124571360376705,102,-0.28258291481666276,-0.28708860512509793,-0.2575685096754226,-0.2757466765390611,0.012984853334573967,53
28,22.454023281733196,0.301125124633878,0.004002888997395833,0.0013447102687375203,0.5,64,7,4,200,31,recall,1e-05,"OrderedDict([('learning_rate', 0.5), ('max_bins', 64), ('max_depth', 7), ('min_samples_leaf', 4), ('n_estimators', 200), ('num_leaves', 31), ('scoring', 'recall'), ('tol', 1e-05)])",-1.7637022059228227,-1.5316422651444288,-1.755826424378261,-1.6837236318151707,0.1075858217116764,147,-6.311332622337086e-05,-6.304592229876091e-05,-6.096371719337847e-05,-6.237432190517009e-05,9.978276611251483e-07,1
29,3.2747973601023355,0.03956760358052576,0.0026483535766601562,0.0005717745131607456,0.1,64,5,4,50,255,balanced_accuracy,1e-06,"OrderedDict([('learning_rate', 0.1), ('max_bins', 64), ('max_depth', 5), ('min_samples_leaf', 4), ('n_estimators', 50), ('num_leaves', 255), ('scoring', 'balanced_accuracy'), ('tol', 1e-06)])",-0.5527703036863397,-0.4875169752723716,-0.5181359113286461,-0.5194743967624526,0.02665636727835308,108,-0.1887546612822796,-0.18400978779284596,-0.18536101207393235,-0.1860418203830193,0.0019960095312020146,45
30,3.2971991697947183,0.06565529147721819,0.002828677495320638,0.0006981193560602867,0.1,32,3,2,100,255,roc_auc,1e-05,"OrderedDict([('learning_rate', 0.1), ('max_bins', 32), ('max_depth', 3), ('min_samples_leaf', 2), ('n_estimators', 100), ('num_leaves', 255), ('scoring', 'roc_auc'), ('tol', 1e-05)])",-0.5054039666200366,-0.45277567041296474,-0.5323172145715281,-0.49683228386817646,0.03303351450351673,88,-0.27186317549436917,-0.2934704436849179,-0.2520811408352724,-0.27247158667151977,0.016902587981633275,52
31,3.118541955947876,0.04222365240355221,0.002805312474568685,0.0005309451798259516,0.1,128,3,5,100,255,roc_auc,1e-07,"OrderedDict([('learning_rate', 0.1), ('max_bins', 128), ('max_depth', 3), ('min_samples_leaf', 5), ('n_estimators', 100), ('num_leaves', 255), ('scoring', 'roc_auc'), ('tol', 1e-07)])",-0.5207313081973866,-0.4897586588165952,-0.5223275458519115,-0.5109391709552978,0.014991054321510681,103,-0.2911926076729124,-0.29437183409962336,-0.2558869459851554,-0.2804837959192304,0.017440960221609136,54
32,1.5393952528635662,0.021315652342062636,0.0023260116577148438,0.0003377947882535628,0.1,64,3,2,50,255,roc_auc,1e-05,"OrderedDict([('learning_rate', 0.1), ('max_bins', 64), ('max_depth', 3), ('min_samples_leaf', 2), ('n_estimators', 50), ('num_leaves', 255), ('scoring', 'roc_auc'), ('tol', 1e-05)])",-0.5012576041362168,-0.4862957059508131,-0.5092812204959437,-0.49894484352765794,0.00952523371368489,91,-0.29624743323940134,-0.30659903750334205,-0.2722206125768451,-0.2916890277731962,0.014400308339348007,64
33,1.6146357854207356,0.02347783706058218,0.0036454200744628906,0.0009749712224689808,0.1,32,3,3,50,255,roc_auc,1e-06,"OrderedDict([('learning_rate', 0.1), ('max_bins', 32), ('max_depth', 3), ('min_samples_leaf', 3), ('n_estimators', 50), ('num_leaves', 255), ('scoring', 'roc_auc'), ('tol', 1e-06)])",-0.5114829917593068,-0.45266393328552185,-0.5277805328327312,-0.4973091526258533,0.03226245670248642,89,-0.30372915612045936,-0.31085386356006434,-0.28019355624795206,-0.29825885864282525,0.013101061712412192,81
34,7.834972143173218,0.057016346921367714,0.0034303665161132812,7.351054799276378e-05,1.0,64,3,4,200,127,loss,1e-07,"OrderedDict([('learning_rate', 1.0), ('max_bins', 64), ('max_depth', 3), ('min_samples_leaf', 4), ('n_estimators', 200), ('num_leaves', 127), ('scoring', 'loss'), ('tol', 1e-07)])",-1.7080658481081437,-1.517738658199999,-1.7248018130462486,-1.6502021064514638,0.09391466684390935,146,-0.001497042209636886,-0.0010287736050119706,-0.0010280855426711504,-0.0011846337857733358,0.000220906293607534,7
35,34.96583882967631,1.7370316860248933,0.004018306732177734,0.0006261807878000444,0.1,32,7,2,200,255,f1,1e-05,"OrderedDict([('learning_rate', 0.1), ('max_bins', 32), ('max_depth', 7), ('min_samples_leaf', 2), ('n_estimators', 200), ('num_leaves', 255), ('scoring', 'f1'), ('tol', 1e-05)])",-0.7044979506698811,-0.6455949859782119,-0.745378883545325,-0.6984906067311393,0.04095747949048122,132,-0.03320241475607568,-0.01876682012526941,-0.021009607361553332,-0.02432628074763281,0.006342809043774777,13
36,1.6100770632425945,0.020662198331123437,0.0027381579081217446,0.0005476322122584504,0.1,32,3,3,50,127,balanced_accuracy,1e-05,"OrderedDict([('learning_rate', 0.1), ('max_bins', 32), ('max_depth', 3), ('min_samples_leaf', 3), ('n_estimators', 50), ('num_leaves', 127), ('scoring', 'balanced_accuracy'), ('tol', 1e-05)])",-0.5114829917593068,-0.45266393328552185,-0.5277805328327312,-0.4973091526258533,0.03226245670248642,89,-0.30372915612045936,-0.31085386356006434,-0.28019355624795206,-0.29825885864282525,0.013101061712412192,81
37,1.5347735087076824,0.027560564125609185,0.0026750564575195312,0.0003567132380224091,0.1,32,3,4,50,31,recall,1e-05,"OrderedDict([('learning_rate', 0.1), ('max_bins', 32), ('max_depth', 3), ('min_samples_leaf', 4), ('n_estimators', 50), ('num_leaves', 31), ('scoring', 'recall'), ('tol', 1e-05)])",-0.5176748457859417,-0.44678273019855136,-0.5184816728567996,-0.4943130829470976,0.033610648776655004,84,-0.305511150832172,-0.3163568568701773,-0.28721088599754413,-0.3030262978999645,0.01202782260976941,85
38,3.365546782811483,0.09024538897527244,0.002543290456136068,0.000499520108514787,0.1,32,3,1,100,31,precision,1e-05,"OrderedDict([('learning_rate', 0.1), ('max_bins', 32), ('max_depth', 3), ('min_samples_leaf', 1), ('n_estimators', 100), ('num_leaves', 31), ('scoring', 'precision'), ('tol', 1e-05)])",-0.5267932383763848,-0.45721446694013523,-0.5167650155659493,-0.5002575736274898,0.030710183850075692,94,-0.2618302938128613,-0.2829493919593383,-0.24753318579440037,-0.26410429052219997,0.014547742334692571,51
39,1.5876447359720867,0.043416772468095305,0.002612511316935221,0.0002748071973200196,0.1,32,3,2,50,255,precision,1e-05,"OrderedDict([('learning_rate', 0.1), ('max_bins', 32), ('max_depth', 3), ('min_samples_leaf', 2), ('n_estimators', 50), ('num_leaves', 255), ('scoring', 'precision'), ('tol', 1e-05)])",-0.49663807231580787,-0.4478640891211364,-0.5189063956044319,-0.48780285234712534,0.02966814410034075,63,-0.29490768972398546,-0.30676371169654537,-0.27758964107669765,-0.29308701416574284,0.011979642280392519,65
40,1.7358875274658203,0.039094132390006316,0.004164457321166992,0.00015881696095255618,0.1,32,3,2,50,255,accuracy,1e-06,"OrderedDict([('learning_rate', 0.1), ('max_bins', 32), ('max_depth', 3), ('min_samples_leaf', 2), ('n_estimators', 50), ('num_leaves', 255), ('scoring', 'accuracy'), ('tol', 1e-06)])",-0.49663807231580787,-0.4478640891211364,-0.5189063956044319,-0.48780285234712534,0.02966814410034075,63,-0.29490768972398546,-0.30676371169654537,-0.27758964107669765,-0.29308701416574284,0.011979642280392519,65
41,1.675948699315389,0.045121665682277656,0.004142920176188151,0.0005599941808967982,0.1,32,3,1,50,255,loss,1e-07,"OrderedDict([('learning_rate', 0.1), ('max_bins', 32), ('max_depth', 3), ('min_samples_leaf', 1), ('n_estimators', 50), ('num_leaves', 255), ('scoring', 'loss'), ('tol', 1e-07)])",-0.5122256591548024,-0.4478707904048358,-0.5110615151321183,-0.4903859882305855,0.03006654112074708,79,-0.2817698157812248,-0.30466985690428333,-0.27328622784426704,-0.2865753001765917,0.013255251876137273,58
42,1.5814368724822998,0.06289924417530374,0.003204345703125,0.00057175979943349,0.1,32,3,2,50,127,loss,1e-05,"OrderedDict([('learning_rate', 0.1), ('max_bins', 32), ('max_depth', 3), ('min_samples_leaf', 2), ('n_estimators', 50), ('num_leaves', 127), ('scoring', 'loss'), ('tol', 1e-05)])",-0.49663807231580787,-0.4478640891211364,-0.5189063956044319,-0.48780285234712534,0.02966814410034075,63,-0.29490768972398546,-0.30676371169654537,-0.27758964107669765,-0.29308701416574284,0.011979642280392519,65
43,1.6457240581512451,0.09845160718175881,0.003312190373738607,0.0002538865206373422,0.1,32,3,2,50,31,f1,1e-06,"OrderedDict([('learning_rate', 0.1), ('max_bins', 32), ('max_depth', 3), ('min_samples_leaf', 2), ('n_estimators', 50), ('num_leaves', 31), ('scoring', 'f1'), ('tol', 1e-06)])",-0.49663807231580787,-0.4478640891211364,-0.5189063956044319,-0.48780285234712534,0.02966814410034075,63,-0.29490768972398546,-0.30676371169654537,-0.27758964107669765,-0.29308701416574284,0.011979642280392519,65
44,1.5519247849782307,0.036015191677862594,0.003277301788330078,0.00021555843775682997,0.1,32,3,2,50,127,accuracy,1e-07,"OrderedDict([('learning_rate', 0.1), ('max_bins', 32), ('max_depth', 3), ('min_samples_leaf', 2), ('n_estimators', 50), ('num_leaves', 127), ('scoring', 'accuracy'), ('tol', 1e-07)])",-0.49663807231580787,-0.4478640891211364,-0.5189063956044319,-0.48780285234712534,0.02966814410034075,63,-0.29490768972398546,-0.30676371169654537,-0.27758964107669765,-0.29308701416574284,0.011979642280392519,65
45,1.5562718709309895,0.041106398890728466,0.002423365910847982,0.0005275514621131259,0.1,32,3,2,50,127,recall,1e-06,"OrderedDict([('learning_rate', 0.1), ('max_bins', 32), ('max_depth', 3), ('min_samples_leaf', 2), ('n_estimators', 50), ('num_leaves', 127), ('scoring', 'recall'), ('tol', 1e-06)])",-0.49663807231580787,-0.4478640891211364,-0.5189063956044319,-0.48780285234712534,0.02966814410034075,63,-0.29490768972398546,-0.30676371169654537,-0.27758964107669765,-0.29308701416574284,0.011979642280392519,65
46,1.5374759038289387,0.05158113848367284,0.0034819444020589194,0.0015681872929719834,0.1,32,3,2,50,255,balanced_accuracy,1e-06,"OrderedDict([('learning_rate', 0.1), ('max_bins', 32), ('max_depth', 3), ('min_samples_leaf', 2), ('n_estimators', 50), ('num_leaves', 255), ('scoring', 'balanced_accuracy'), ('tol', 1e-06)])",-0.49663807231580787,-0.4478640891211364,-0.5189063956044319,-0.48780285234712534,0.02966814410034075,63,-0.29490768972398546,-0.30676371169654537,-0.27758964107669765,-0.29308701416574284,0.011979642280392519,65
47,1.5665343602498372,0.01597652087585018,0.0029938220977783203,0.0009095942412727553,0.1,32,3,2,50,127,f1,1e-07,"OrderedDict([('learning_rate', 0.1), ('max_bins', 32), ('max_depth', 3), ('min_samples_leaf', 2), ('n_estimators', 50), ('num_leaves', 127), ('scoring', 'f1'), ('tol', 1e-07)])",-0.49663807231580787,-0.4478640891211364,-0.5189063956044319,-0.48780285234712534,0.02966814410034075,63,-0.29490768972398546,-0.30676371169654537,-0.27758964107669765,-0.29308701416574284,0.011979642280392519,65
48,3.6952267487843833,0.07868837846008084,0.0027267138163248696,0.00042888440128907557,0.1,32,5,3,50,31,f1,1e-05,"OrderedDict([('learning_rate', 0.1), ('max_bins', 32), ('max_depth', 5), ('min_samples_leaf', 3), ('n_estimators', 50), ('num_leaves', 31), ('scoring', 'f1'), ('tol', 1e-05)])",-0.5614326541966634,-0.4462365040158737,-0.5373651740896649,-0.515011444100734,0.04961387700655456,104,-0.19941514774339777,-0.1767920264792484,-0.17126202559134676,-0.18248973327133097,0.012179147992736993,43
49,1.6692760785420735,0.02217632827725403,0.0029949347178141275,0.0010540272331783476,0.1,32,3,2,50,31,loss,1e-06,"OrderedDict([('learning_rate', 0.1), ('max_bins', 32), ('max_depth', 3), ('min_samples_leaf', 2), ('n_estimators', 50), ('num_leaves', 31), ('scoring', 'loss'), ('tol', 1e-06)])",-0.49663807231580787,-0.4478640891211364,-0.5189063956044319,-0.48780285234712534,0.02966814410034075,63,-0.29490768972398546,-0.30676371169654537,-0.27758964107669765,-0.29308701416574284,0.011979642280392519,65
50,1.536908785502116,0.025041759832436963,0.0037005742390950522,0.0011126049755984524,0.1,32,3,2,50,31,recall,1e-05,"OrderedDict([('learning_rate', 0.1), ('max_bins', 32), ('max_depth', 3), ('min_samples_leaf', 2), ('n_estimators', 50), ('num_leaves', 31), ('scoring', 'recall'), ('tol', 1e-05)])",-0.49663807231580787,-0.4478640891211364,-0.5189063956044319,-0.48780285234712534,0.02966814410034075,63,-0.29490768972398546,-0.30676371169654537,-0.27758964107669765,-0.29308701416574284,0.011979642280392519,65
51,1.5004420280456543,0.027792042526740564,0.00323637326558431,0.001171613275166264,0.1,32,3,2,50,31,precision,1e-07,"OrderedDict([('learning_rate', 0.1), ('max_bins', 32), ('max_depth', 3), ('min_samples_leaf', 2), ('n_estimators', 50), ('num_leaves', 31), ('scoring', 'precision'), ('tol', 1e-07)])",-0.49663807231580787,-0.4478640891211364,-0.5189063956044319,-0.48780285234712534,0.02966814410034075,63,-0.29490768972398546,-0.30676371169654537,-0.27758964107669765,-0.29308701416574284,0.011979642280392519,65
52,7.294376611709595,0.14454445713487232,0.004446665445963542,0.0015000902069523885,0.1,128,5,3,100,255,accuracy,1e-07,"OrderedDict([('learning_rate', 0.1), ('max_bins', 128), ('max_depth', 5), ('min_samples_leaf', 3), ('n_estimators', 100), ('num_leaves', 255), ('scoring', 'accuracy'), ('tol', 1e-07)])",-0.5596582250865387,-0.5056447231321397,-0.5614644839527297,-0.5422558107238027,0.025898448393114722,119,-0.1550935508967226,-0.14508799798030544,-0.14342676576891575,-0.14786943821531462,0.005153042864191971,37
53,1.447519858678182,0.027976554164689645,0.004556337992350261,0.0013315571892034866,0.1,32,3,5,50,31,accuracy,1e-06,"OrderedDict([('learning_rate', 0.1), ('max_bins', 32), ('max_depth', 3), ('min_samples_leaf', 5), ('n_estimators', 50), ('num_leaves', 31), ('scoring', 'accuracy'), ('tol', 1e-06)])",-0.5029427944534995,-0.44059377294361624,-0.5134056319535376,-0.48564739978355115,0.03214280334913895,1,-0.3092632835528476,-0.3240767124672778,-0.29098056769586467,-0.30810685457199666,0.01353616626359173,87
54,1.555106242497762,0.015947357110997564,0.003015756607055664,7.039958735140926e-05,0.1,32,3,5,50,31,loss,1e-06,"OrderedDict([('learning_rate', 0.1), ('max_bins', 32), ('max_depth', 3), ('min_samples_leaf', 5), ('n_estimators', 50), ('num_leaves', 31), ('scoring', 'loss'), ('tol', 1e-06)])",-0.5029427944534995,-0.44059377294361624,-0.5134056319535376,-0.48564739978355115,0.03214280334913895,1,-0.3092632835528476,-0.3240767124672778,-0.29098056769586467,-0.30810685457199666,0.01353616626359173,87
55,1.488209327061971,0.02109537657632405,0.0025599002838134766,0.00020874096912004684,0.1,32,3,5,50,127,recall,1e-07,"OrderedDict([('learning_rate', 0.1), ('max_bins', 32), ('max_depth', 3), ('min_samples_leaf', 5), ('n_estimators', 50), ('num_leaves', 127), ('scoring', 'recall'), ('tol', 1e-07)])",-0.5029427944534995,-0.44059377294361624,-0.5134056319535376,-0.48564739978355115,0.03214280334913895,1,-0.3092632835528476,-0.3240767124672778,-0.29098056769586467,-0.30810685457199666,0.01353616626359173,87
56,1.4621326128641765,0.04358191207310983,0.003012975056966146,0.0005922186435068803,0.1,32,3,5,50,127,roc_auc,1e-06,"OrderedDict([('learning_rate', 0.1), ('max_bins', 32), ('max_depth', 3), ('min_samples_leaf', 5), ('n_estimators', 50), ('num_leaves', 127), ('scoring', 'roc_auc'), ('tol', 1e-06)])",-0.5029427944534995,-0.44059377294361624,-0.5134056319535376,-0.48564739978355115,0.03214280334913895,1,-0.3092632835528476,-0.3240767124672778,-0.29098056769586467,-0.30810685457199666,0.01353616626359173,87
57,3.3061113357543945,0.06667695286866708,0.003614505132039388,0.000953499963505224,0.1,32,5,5,50,127,precision,1e-07,"OrderedDict([('learning_rate', 0.1), ('max_bins', 32), ('max_depth', 5), ('min_samples_leaf', 5), ('n_estimators', 50), ('num_leaves', 127), ('scoring', 'precision'), ('tol', 1e-07)])",-0.5550928876118362,-0.463704728138714,-0.5598502516950172,-0.5262159558151892,0.04424476102674055,113,-0.21002039555881066,-0.20174262517119415,-0.20020022312368768,-0.20398774795123084,0.004311950748556623,47
58,1.4270741939544678,0.0482085338468446,0.0032192866007486978,0.0011380029946448339,0.1,32,3,5,50,127,precision,1e-06,"OrderedDict([('learning_rate', 0.1), ('max_bins', 32), ('max_depth', 3), ('min_samples_leaf', 5), ('n_estimators', 50), ('num_leaves', 127), ('scoring', 'precision'), ('tol', 1e-06)])",-0.5029427944534995,-0.44059377294361624,-0.5134056319535376,-0.48564739978355115,0.03214280334913895,1,-0.3092632835528476,-0.3240767124672778,-0.29098056769586467,-0.30810685457199666,0.01353616626359173,87
59,1.5562899907430012,0.026853875193803018,0.002929051717122396,0.0007296767104715792,0.1,32,3,1,50,127,roc_auc,1e-06,"OrderedDict([('learning_rate', 0.1), ('max_bins', 32), ('max_depth', 3), ('min_samples_leaf', 1), ('n_estimators', 50), ('num_leaves', 127), ('scoring', 'roc_auc'), ('tol', 1e-06)])",-0.5122256591548024,-0.4478707904048358,-0.5110615151321183,-0.4903859882305855,0.03006654112074708,79,-0.2817698157812248,-0.30466985690428333,-0.27328622784426704,-0.2865753001765917,0.013255251876137273,58
60,4.724696636199951,0.020279654810379646,0.0023860931396484375,0.0005047505826885749,0.1,64,5,1,50,127,loss,1e-05,"OrderedDict([('learning_rate', 0.1), ('max_bins', 64), ('max_depth', 5), ('min_samples_leaf', 1), ('n_estimators', 50), ('num_leaves', 127), ('scoring', 'loss'), ('tol', 1e-05)])",-0.5483135371393236,-0.47658693270814884,-0.4975502439985718,-0.5074835712820147,0.030112895233288903,97,-0.14940454779239054,-0.1568616059753941,-0.13230607694384375,-0.14619074357054282,0.010279101928576673,34
61,1.4338057041168213,0.04309685692442338,0.0026766459147135415,0.0006631386472154355,0.1,32,3,5,50,31,balanced_accuracy,1e-06,"OrderedDict([('learning_rate', 0.1), ('max_bins', 32), ('max_depth', 3), ('min_samples_leaf', 5), ('n_estimators', 50), ('num_leaves', 31), ('scoring', 'balanced_accuracy'), ('tol', 1e-06)])",-0.5029427944534995,-0.44059377294361624,-0.5134056319535376,-0.48564739978355115,0.03214280334913895,1,-0.3092632835528476,-0.3240767124672778,-0.29098056769586467,-0.30810685457199666,0.01353616626359173,87
62,5.075516144434611,0.08221650935349768,0.002782742182413737,0.0006551471950940253,0.1,128,5,1,50,31,accuracy,1e-06,"OrderedDict([('learning_rate', 0.1), ('max_bins', 128), ('max_depth', 5), ('min_samples_leaf', 1), ('n_estimators', 50), ('num_leaves', 31), ('scoring', 'accuracy'), ('tol', 1e-06)])",-0.5191862294844201,-0.4859880641192572,-0.5468299913643933,-0.5173347616560234,0.02487309091589138,107,-0.15738988839144977,-0.15132700256499126,-0.13564541851727838,-0.14812076982457315,0.009162075413226839,38
63,1.444451888402303,0.040744151745513976,0.002784252166748047,0.0008631676550664395,0.1,32,3,5,50,127,f1,1e-06,"OrderedDict([('learning_rate', 0.1), ('max_bins', 32), ('max_depth', 3), ('min_samples_leaf', 5), ('n_estimators', 50), ('num_leaves', 127), ('scoring', 'f1'), ('tol', 1e-06)])",-0.5029427944534995,-0.44059377294361624,-0.5134056319535376,-0.48564739978355115,0.03214280334913895,1,-0.3092632835528476,-0.3240767124672778,-0.29098056769586467,-0.30810685457199666,0.01353616626359173,87
64,1.4375454584757488,0.02222816171741419,0.003203312555948893,0.0008644098149824467,0.1,32,3,5,50,255,loss,1e-07,"OrderedDict([('learning_rate', 0.1), ('max_bins', 32), ('max_depth', 3), ('min_samples_leaf', 5), ('n_estimators', 50), ('num_leaves', 255), ('scoring', 'loss'), ('tol', 1e-07)])",-0.5029427944534995,-0.44059377294361624,-0.5134056319535376,-0.48564739978355115,0.03214280334913895,1,-0.3092632835528476,-0.3240767124672778,-0.29098056769586467,-0.30810685457199666,0.01353616626359173,87
65,3.878021558125814,0.10072667678182463,0.0027517477671305337,0.00022737761546525666,0.1,64,5,2,50,31,loss,1e-07,"OrderedDict([('learning_rate', 0.1), ('max_bins', 64), ('max_depth', 5), ('min_samples_leaf', 2), ('n_estimators', 50), ('num_leaves', 31), ('scoring', 'loss'), ('tol', 1e-07)])",-0.5294007910798586,-0.4971687114909794,-0.5335632477883675,-0.5200442501197352,0.01626446458037328,110,-0.1689418112383965,-0.16461575383498656,-0.16483005191944503,-0.16612920566427603,0.0019907357942782183,41
66,3.4098607699076333,0.3212443943513165,0.0034835338592529297,0.000479213554799813,0.1,128,5,4,50,127,roc_auc,1e-05,"OrderedDict([('learning_rate', 0.1), ('max_bins', 128), ('max_depth', 5), ('min_samples_leaf', 4), ('n_estimators', 50), ('num_leaves', 127), ('scoring', 'roc_auc'), ('tol', 1e-05)])",-0.5503744904376123,-0.50275981211817,-0.5323244589405995,-0.5284862538321272,0.01962716250008339,115,-0.19916321207651907,-0.18542916416526536,-0.1753307554987179,-0.18664104391350078,0.009767223625518563,46
67,1.5374775727589924,0.022902507886989536,0.003947257995605469,0.00036451765540022803,0.1,32,3,5,50,31,balanced_accuracy,1e-06,"OrderedDict([('learning_rate', 0.1), ('max_bins', 32), ('max_depth', 3), ('min_samples_leaf', 5), ('n_estimators', 50), ('num_leaves', 31), ('scoring', 'balanced_accuracy'), ('tol', 1e-06)])",-0.5029427944534995,-0.44059377294361624,-0.5134056319535376,-0.48564739978355115,0.03214280334913895,1,-0.3092632835528476,-0.3240767124672778,-0.29098056769586467,-0.30810685457199666,0.01353616626359173,87
68,1.4510806401570637,0.024811379607819834,0.0037018458048502603,0.0010077594761179478,0.1,32,3,5,50,127,accuracy,1e-05,"OrderedDict([('learning_rate', 0.1), ('max_bins', 32), ('max_depth', 3), ('min_samples_leaf', 5), ('n_estimators', 50), ('num_leaves', 127), ('scoring', 'accuracy'), ('tol', 1e-05)])",-0.5029427944534995,-0.44059377294361624,-0.5134056319535376,-0.48564739978355115,0.03214280334913895,1,-0.3092632835528476,-0.3240767124672778,-0.29098056769586467,-0.30810685457199666,0.01353616626359173,87
69,4.209164460500081,0.32221296202732275,0.003029902776082357,0.0010037524556805494,0.1,32,5,2,50,255,accuracy,1e-05,"OrderedDict([('learning_rate', 0.1), ('max_bins', 32), ('max_depth', 5), ('min_samples_leaf', 2), ('n_estimators', 50), ('num_leaves', 255), ('scoring', 'accuracy'), ('tol', 1e-05)])",-0.5518364367095573,-0.4781493903486398,-0.541534611942013,-0.5238401463334034,0.03258083061382059,112,-0.1711494880417463,-0.1598528598009414,-0.14694272175671252,-0.15931502319980007,0.009889686029789058,39
70,3.448338031768799,0.057881633855725194,0.0026532808939615884,0.000590969792791179,0.1,64,5,3,50,127,recall,1e-06,"OrderedDict([('learning_rate', 0.1), ('max_bins', 64), ('max_depth', 5), ('min_samples_leaf', 3), ('n_estimators', 50), ('num_leaves', 127), ('scoring', 'recall'), ('tol', 1e-06)])",-0.52727021035212,-0.4955907418290711,-0.5224947491080385,-0.5151185670964099,0.013945207713935676,105,-0.18581803776662914,-0.17556710449229884,-0.18615767547123777,-0.18251427257672193,0.004914346123851262,44
71,1.5870869159698486,0.044415216584284205,0.003119945526123047,0.00039240728639075497,0.1,32,3,5,50,127,loss,1e-06,"OrderedDict([('learning_rate', 0.1), ('max_bins', 32), ('max_depth', 3), ('min_samples_leaf', 5), ('n_estimators', 50), ('num_leaves', 127), ('scoring', 'loss'), ('tol', 1e-06)])",-0.5029427944534995,-0.44059377294361624,-0.5134056319535376,-0.48564739978355115,0.03214280334913895,1,-0.3092632835528476,-0.3240767124672778,-0.29098056769586467,-0.30810685457199666,0.01353616626359173,87
72,1.5281347433725994,0.02429698382052851,0.003254095713297526,0.00017033282882214162,0.1,32,3,5,50,127,recall,1e-07,"OrderedDict([('learning_rate', 0.1), ('max_bins', 32), ('max_depth', 3), ('min_samples_leaf', 5), ('n_estimators', 50), ('num_leaves', 127), ('scoring', 'recall'), ('tol', 1e-07)])",-0.5029427944534995,-0.44059377294361624,-0.5134056319535376,-0.48564739978355115,0.03214280334913895,1,-0.3092632835528476,-0.3240767124672778,-0.29098056769586467,-0.30810685457199666,0.01353616626359173,87
73,9.678496440251669,0.2948130709168108,0.0050089359283447266,0.0016367281081603128,0.1,64,5,1,100,31,recall,1e-05,"OrderedDict([('learning_rate', 0.1), ('max_bins', 64), ('max_depth', 5), ('min_samples_leaf', 1), ('n_estimators', 100), ('num_leaves', 31), ('scoring', 'recall'), ('tol', 1e-05)])",-0.5485279693550582,-0.4813465184504808,-0.5293455849445482,-0.5197400242500291,0.028255228821147466,109,-0.12797296051321466,-0.12322073234261188,-0.10918756581042709,-0.12012708622208455,0.007974992090870488,29
74,1.5451489289601643,0.017424808446857787,0.004720767339070638,0.0010188161672613466,0.1,32,3,5,50,255,recall,1e-06,"OrderedDict([('learning_rate', 0.1), ('max_bins', 32), ('max_depth', 3), ('min_samples_leaf', 5), ('n_estimators', 50), ('num_leaves', 255), ('scoring', 'recall'), ('tol', 1e-06)])",-0.5029427944534995,-0.44059377294361624,-0.5134056319535376,-0.48564739978355115,0.03214280334913895,1,-0.3092632835528476,-0.3240767124672778,-0.29098056769586467,-0.30810685457199666,0.01353616626359173,87
75,1.4571176369984944,0.05416490241938939,0.0037273565928141275,0.00033967211580689376,0.1,32,3,5,50,31,loss,1e-07,"OrderedDict([('learning_rate', 0.1), ('max_bins', 32), ('max_depth', 3), ('min_samples_leaf', 5), ('n_estimators', 50), ('num_leaves', 31), ('scoring', 'loss'), ('tol', 1e-07)])",-0.5029427944534995,-0.44059377294361624,-0.5134056319535376,-0.48564739978355115,0.03214280334913895,1,-0.3092632835528476,-0.3240767124672778,-0.29098056769586467,-0.30810685457199666,0.01353616626359173,87
76,1.4664839108784993,0.014322461366602852,0.005283276240030925,0.0012727116696391416,0.1,32,3,5,50,31,roc_auc,1e-07,"OrderedDict([('learning_rate', 0.1), ('max_bins', 32), ('max_depth', 3), ('min_samples_leaf', 5), ('n_estimators', 50), ('num_leaves', 31), ('scoring', 'roc_auc'), ('tol', 1e-07)])",-0.5029427944534995,-0.44059377294361624,-0.5134056319535376,-0.48564739978355115,0.03214280334913895,1,-0.3092632835528476,-0.3240767124672778,-0.29098056769586467,-0.30810685457199666,0.01353616626359173,87
77,1.6283171971638997,0.05748945635405316,0.0035187403361002603,0.00040271983797912923,0.1,32,3,1,50,127,balanced_accuracy,1e-07,"OrderedDict([('learning_rate', 0.1), ('max_bins', 32), ('max_depth', 3), ('min_samples_leaf', 1), ('n_estimators', 50), ('num_leaves', 127), ('scoring', 'balanced_accuracy'), ('tol', 1e-07)])",-0.5122256591548024,-0.4478707904048358,-0.5110615151321183,-0.4903859882305855,0.03006654112074708,79,-0.2817698157812248,-0.30466985690428333,-0.27328622784426704,-0.2865753001765917,0.013255251876137273,58
78,4.744568506876628,0.1355984473248416,0.003176132837931315,0.0002184938010799898,0.1,64,5,1,50,127,f1,1e-07,"OrderedDict([('learning_rate', 0.1), ('max_bins', 64), ('max_depth', 5), ('min_samples_leaf', 1), ('n_estimators', 50), ('num_leaves', 127), ('scoring', 'f1'), ('tol', 1e-07)])",-0.5483135371393236,-0.47658693270814884,-0.4975502439985718,-0.5074835712820147,0.030112895233288903,97,-0.14940454779239054,-0.1568616059753941,-0.13230607694384375,-0.14619074357054282,0.010279101928576673,34
79,4.916171073913574,0.2539237525700066,0.0032967726389567056,0.0006196221468991121,0.1,32,5,1,50,127,balanced_accuracy,1e-06,"OrderedDict([('learning_rate', 0.1), ('max_bins', 32), ('max_depth', 5), ('min_samples_leaf', 1), ('n_estimators', 50), ('num_leaves', 127), ('scoring', 'balanced_accuracy'), ('tol', 1e-06)])",-0.5399588152711484,-0.45241884447944986,-0.5378469728931677,-0.5100748775479219,0.040778087101219156,101,-0.15446875000433044,-0.13973249280587927,-0.1314139428198955,-0.1418717285433684,0.009532865282214694,33
80,1.4856212933858235,0.006989904117235545,0.004015604654947917,0.0005710557933595804,0.1,32,3,5,50,31,balanced_accuracy,1e-07,"OrderedDict([('learning_rate', 0.1), ('max_bins', 32), ('max_depth', 3), ('min_samples_leaf', 5), ('n_estimators', 50), ('num_leaves', 31), ('scoring', 'balanced_accuracy'), ('tol', 1e-07)])",-0.5029427944534995,-0.44059377294361624,-0.5134056319535376,-0.48564739978355115,0.03214280334913895,1,-0.3092632835528476,-0.3240767124672778,-0.29098056769586467,-0.30810685457199666,0.01353616626359173,87
81,1.5847900708516438,0.03361036617263031,0.0034104188283284507,0.0010996803843908614,0.1,32,3,1,50,31,recall,1e-06,"OrderedDict([('learning_rate', 0.1), ('max_bins', 32), ('max_depth', 3), ('min_samples_leaf', 1), ('n_estimators', 50), ('num_leaves', 31), ('scoring', 'recall'), ('tol', 1e-06)])",-0.5122256591548024,-0.4478707904048358,-0.5110615151321183,-0.4903859882305855,0.03006654112074708,79,-0.2817698157812248,-0.30466985690428333,-0.27328622784426704,-0.2865753001765917,0.013255251876137273,58
82,1.4099476337432861,0.03907649278418951,0.004871447881062825,0.002061357680636869,0.1,32,3,5,50,127,f1,1e-05,"OrderedDict([('learning_rate', 0.1), ('max_bins', 32), ('max_depth', 3), ('min_samples_leaf', 5), ('n_estimators', 50), ('num_leaves', 127), ('scoring', 'f1'), ('tol', 1e-05)])",-0.5029427944534995,-0.44059377294361624,-0.5134056319535376,-0.48564739978355115,0.03214280334913895,1,-0.3092632835528476,-0.3240767124672778,-0.29098056769586467,-0.30810685457199666,0.01353616626359173,87
83,1.5118456681569417,0.04088949674629255,0.002269109090169271,0.00024436995895164745,0.1,32,3,5,50,31,loss,1e-05,"OrderedDict([('learning_rate', 0.1), ('max_bins', 32), ('max_depth', 3), ('min_samples_leaf', 5), ('n_estimators', 50), ('num_leaves', 31), ('scoring', 'loss'), ('tol', 1e-05)])",-0.5029427944534995,-0.44059377294361624,-0.5134056319535376,-0.48564739978355115,0.03214280334913895,1,-0.3092632835528476,-0.3240767124672778,-0.29098056769586467,-0.30810685457199666,0.01353616626359173,87
84,1.453584353129069,0.07911694247462293,0.0029753843943277993,0.0008863776741587494,0.1,32,3,5,50,31,precision,1e-06,"OrderedDict([('learning_rate', 0.1), ('max_bins', 32), ('max_depth', 3), ('min_samples_leaf', 5), ('n_estimators', 50), ('num_leaves', 31), ('scoring', 'precision'), ('tol', 1e-06)])",-0.5029427944534995,-0.44059377294361624,-0.5134056319535376,-0.48564739978355115,0.03214280334913895,1,-0.3092632835528476,-0.3240767124672778,-0.29098056769586467,-0.30810685457199666,0.01353616626359173,87
85,4.1076498826344805,0.18424635893455685,0.0035528341929117837,0.000614054825169342,0.5,64,5,2,50,31,f1,1e-07,"OrderedDict([('learning_rate', 0.5), ('max_bins', 64), ('max_depth', 5), ('min_samples_leaf', 2), ('n_estimators', 50), ('num_leaves', 31), ('scoring', 'f1'), ('tol', 1e-07)])",-0.8957281808839014,-0.9340283385030584,-1.0175594419364917,-0.9491053204411505,0.050867151028846834,139,-0.010189999987596138,-0.003951063287647304,-0.0031174808269215843,-0.005752848034055009,0.0031559418059503553,9
86,1.479641358057658,0.015572876768701303,0.003577073415120443,0.0006007962228194578,0.1,32,3,5,50,255,precision,1e-06,"OrderedDict([('learning_rate', 0.1), ('max_bins', 32), ('max_depth', 3), ('min_samples_leaf', 5), ('n_estimators', 50), ('num_leaves', 255), ('scoring', 'precision'), ('tol', 1e-06)])",-0.5029427944534995,-0.44059377294361624,-0.5134056319535376,-0.48564739978355115,0.03214280334913895,1,-0.3092632835528476,-0.3240767124672778,-0.29098056769586467,-0.30810685457199666,0.01353616626359173,87
87,1.4446013768513997,0.02697008263774201,0.0033667882283528647,0.0008365753449632873,0.1,32,3,5,50,127,precision,1e-06,"OrderedDict([('learning_rate', 0.1), ('max_bins', 32), ('max_depth', 3), ('min_samples_leaf', 5), ('n_estimators', 50), ('num_leaves', 127), ('scoring', 'precision'), ('tol', 1e-06)])",-0.5029427944534995,-0.44059377294361624,-0.5134056319535376,-0.48564739978355115,0.03214280334913895,1,-0.3092632835528476,-0.3240767124672778,-0.29098056769586467,-0.30810685457199666,0.01353616626359173,87
88,1.4634122848510742,0.020774241172029792,0.002594629923502604,0.0004372731215631173,0.1,32,3,5,50,31,f1,1e-06,"OrderedDict([('learning_rate', 0.1), ('max_bins', 32), ('max_depth', 3), ('min_samples_leaf', 5), ('n_estimators', 50), ('num_leaves', 31), ('scoring', 'f1'), ('tol', 1e-06)])",-0.5029427944534995,-0.44059377294361624,-0.5134056319535376,-0.48564739978355115,0.03214280334913895,1,-0.3092632835528476,-0.3240767124672778,-0.29098056769586467,-0.30810685457199666,0.01353616626359173,87
89,1.3985945383707683,0.04704838444075904,0.0029941399892171225,0.00045701014291548803,0.1,32,3,5,50,127,recall,1e-07,"OrderedDict([('learning_rate', 0.1), ('max_bins', 32), ('max_depth', 3), ('min_samples_leaf', 5), ('n_estimators', 50), ('num_leaves', 127), ('scoring', 'recall'), ('tol', 1e-07)])",-0.5029427944534995,-0.44059377294361624,-0.5134056319535376,-0.48564739978355115,0.03214280334913895,1,-0.3092632835528476,-0.3240767124672778,-0.29098056769586467,-0.30810685457199666,0.01353616626359173,87
90,1.4668031533559163,0.017310365542230914,0.00255735715230306,0.00048530421768343756,0.1,32,3,5,50,255,balanced_accuracy,1e-05,"OrderedDict([('learning_rate', 0.1), ('max_bins', 32), ('max_depth', 3), ('min_samples_leaf', 5), ('n_estimators', 50), ('num_leaves', 255), ('scoring', 'balanced_accuracy'), ('tol', 1e-05)])",-0.5029427944534995,-0.44059377294361624,-0.5134056319535376,-0.48564739978355115,0.03214280334913895,1,-0.3092632835528476,-0.3240767124672778,-0.29098056769586467,-0.30810685457199666,0.01353616626359173,87
91,1.4976511001586914,0.027986976265171822,0.002888202667236328,0.0009285968942550913,0.1,32,3,5,50,127,loss,1e-06,"OrderedDict([('learning_rate', 0.1), ('max_bins', 32), ('max_depth', 3), ('min_samples_leaf', 5), ('n_estimators', 50), ('num_leaves', 127), ('scoring', 'loss'), ('tol', 1e-06)])",-0.5029427944534995,-0.44059377294361624,-0.5134056319535376,-0.48564739978355115,0.03214280334913895,1,-0.3092632835528476,-0.3240767124672778,-0.29098056769586467,-0.30810685457199666,0.01353616626359173,87
92,1.4295308589935303,0.07424777024539442,0.0023245811462402344,0.0003390537416333956,0.1,32,3,5,50,31,recall,1e-05,"OrderedDict([('learning_rate', 0.1), ('max_bins', 32), ('max_depth', 3), ('min_samples_leaf', 5), ('n_estimators', 50), ('num_leaves', 31), ('scoring', 'recall'), ('tol', 1e-05)])",-0.5029427944534995,-0.44059377294361624,-0.5134056319535376,-0.48564739978355115,0.03214280334913895,1,-0.3092632835528476,-0.3240767124672778,-0.29098056769586467,-0.30810685457199666,0.01353616626359173,87
93,1.5286921660105388,0.04269001903499278,0.002680063247680664,1.0139565913436076e-05,0.1,32,3,5,50,127,precision,1e-06,"OrderedDict([('learning_rate', 0.1), ('max_bins', 32), ('max_depth', 3), ('min_samples_leaf', 5), ('n_estimators', 50), ('num_leaves', 127), ('scoring', 'precision'), ('tol', 1e-06)])",-0.5029427944534995,-0.44059377294361624,-0.5134056319535376,-0.48564739978355115,0.03214280334913895,1,-0.3092632835528476,-0.3240767124672778,-0.29098056769586467,-0.30810685457199666,0.01353616626359173,87
94,1.3958245118459065,0.025558451193424498,0.0037023226420084634,0.0013851147180017319,0.1,32,3,5,50,31,f1,1e-06,"OrderedDict([('learning_rate', 0.1), ('max_bins', 32), ('max_depth', 3), ('min_samples_leaf', 5), ('n_estimators', 50), ('num_leaves', 31), ('scoring', 'f1'), ('tol', 1e-06)])",-0.5029427944534995,-0.44059377294361624,-0.5134056319535376,-0.48564739978355115,0.03214280334913895,1,-0.3092632835528476,-0.3240767124672778,-0.29098056769586467,-0.30810685457199666,0.01353616626359173,87
95,10.619700034459433,0.5932192350585429,0.004503568013509114,0.0016210422356228895,0.1,64,7,1,50,255,f1,1e-06,"OrderedDict([('learning_rate', 0.1), ('max_bins', 64), ('max_depth', 7), ('min_samples_leaf', 1), ('n_estimators', 50), ('num_leaves', 255), ('scoring', 'f1'), ('tol', 1e-06)])",-0.5730861663413163,-0.5582291929889692,-0.6290439779085321,-0.5867864457462725,0.03048996209280892,123,-0.07281941955249846,-0.0601724421112104,-0.05510339299587958,-0.06269841821986281,0.007449823967263407,20
96,18.179988543192547,0.3075962938039168,0.004169543584187825,0.0007363101307425043,0.1,64,9,1,50,255,f1,1e-06,"OrderedDict([('learning_rate', 0.1), ('max_bins', 64), ('max_depth', 9), ('min_samples_leaf', 1), ('n_estimators', 50), ('num_leaves', 255), ('scoring', 'f1'), ('tol', 1e-06)])",-0.595397276748888,-0.6729871503728487,-0.6804330836884062,-0.6496058369367144,0.03845158409361763,129,-0.04530758039222387,-0.02636723978203698,-0.03149019209274421,-0.03438833742233502,0.007999314986132478,14
97,1.6922763188680012,0.04846652564000051,0.0045731862386067705,0.000596596284091595,0.1,64,3,1,50,127,accuracy,1e-06,"OrderedDict([('learning_rate', 0.1), ('max_bins', 64), ('max_depth', 3), ('min_samples_leaf', 1), ('n_estimators', 50), ('num_leaves', 127), ('scoring', 'accuracy'), ('tol', 1e-06)])",-0.5040650678211643,-0.47508609370158433,-0.5070775640084246,-0.49540957517705775,0.014423400148889957,86,-0.2830984547693705,-0.3064212512734947,-0.26132498680168537,-0.2836148976148502,0.01841409428014907,55
98,1.640869140625,0.04591905755440692,0.004203319549560547,0.0011740426282584066,0.1,128,3,1,50,255,recall,1e-07,"OrderedDict([('learning_rate', 0.1), ('max_bins', 128), ('max_depth', 3), ('min_samples_leaf', 1), ('n_estimators', 50), ('num_leaves', 255), ('scoring', 'recall'), ('tol', 1e-07)])",-0.49268226401338117,-0.4686828076533862,-0.5032291973174531,-0.4881980896614069,0.014455543905818394,77,-0.2799399548678182,-0.3054384943808538,-0.26738732652350866,-0.2842552585907269,0.015831176593306347,56
99,1.665907621383667,0.029591155195786405,0.0027033487955729165,0.00043654684172237247,0.1,128,3,1,50,127,balanced_accuracy,1e-06,"OrderedDict([('learning_rate', 0.1), ('max_bins', 128), ('max_depth', 3), ('min_samples_leaf', 1), ('n_estimators', 50), ('num_leaves', 127), ('scoring', 'balanced_accuracy'), ('tol', 1e-06)])",-0.49268226401338117,-0.4686828076533862,-0.5032291973174531,-0.4881980896614069,0.014455543905818394,77,-0.2799399548678182,-0.3054384943808538,-0.26738732652350866,-0.2842552585907269,0.015831176593306347,56
100,1.4494702021280925,0.022579397491353466,0.0028670628865559897,0.0007680610356909502,0.1,32,3,5,50,255,balanced_accuracy,1e-06,"OrderedDict([('learning_rate', 0.1), ('max_bins', 32), ('max_depth', 3), ('min_samples_leaf', 5), ('n_estimators', 50), ('num_leaves', 255), ('scoring', 'balanced_accuracy'), ('tol', 1e-06)])",-0.5029427944534995,-0.44059377294361624,-0.5134056319535376,-0.48564739978355115,0.03214280334913895,1,-0.3092632835528476,-0.3240767124672778,-0.29098056769586467,-0.30810685457199666,0.01353616626359173,87
101,8.542370001475016,0.4258075998011377,0.003850062688191732,0.0012546635308795175,0.1,32,7,2,50,127,recall,1e-05,"OrderedDict([('learning_rate', 0.1), ('max_bins', 32), ('max_depth', 7), ('min_samples_leaf', 2), ('n_estimators', 50), ('num_leaves', 127), ('scoring', 'recall'), ('tol', 1e-05)])",-0.5701130330739572,-0.473796421737494,-0.5628757426222567,-0.535595065811236,0.04379801289469157,118,-0.08763515761157849,-0.07918492053916966,-0.0921620650644999,-0.08632738107174935,0.005377997125102914,26
102,1.5288573900858562,0.048959104237384164,0.004101276397705078,0.0002318773187003715,0.5,32,3,2,50,255,loss,1e-06,"OrderedDict([('learning_rate', 0.5), ('max_bins', 32), ('max_depth', 3), ('min_samples_leaf', 2), ('n_estimators', 50), ('num_leaves', 255), ('scoring', 'loss'), ('tol', 1e-06)])",-0.7222378969480259,-0.6545472850238212,-0.7650816900222421,-0.7139556239980297,0.04550392441685599,133,-0.09131565576841758,-0.0831098480180351,-0.07561071624530044,-0.08334540667725103,0.006413677949904687,24
103,4.750507672627767,0.03264327131672005,0.0036879380544026694,0.0012979667490756394,0.1,64,5,1,50,255,precision,1e-05,"OrderedDict([('learning_rate', 0.1), ('max_bins', 64), ('max_depth', 5), ('min_samples_leaf', 1), ('n_estimators', 50), ('num_leaves', 255), ('scoring', 'precision'), ('tol', 1e-05)])",-0.5483135371393236,-0.47658693270814884,-0.4975502439985718,-0.5074835712820147,0.030112895233288903,97,-0.14940454779239054,-0.1568616059753941,-0.13230607694384375,-0.14619074357054282,0.010279101928576673,34
104,1.4221418698628743,0.05573982828214956,0.003407557805379232,0.001029646757313254,0.1,32,3,5,50,127,precision,1e-07,"OrderedDict([('learning_rate', 0.1), ('max_bins', 32), ('max_depth', 3), ('min_samples_leaf', 5), ('n_estimators', 50), ('num_leaves', 127), ('scoring', 'precision'), ('tol', 1e-07)])",-0.5029427944534995,-0.44059377294361624,-0.5134056319535376,-0.48564739978355115,0.03214280334913895,1,-0.3092632835528476,-0.3240767124672778,-0.29098056769586467,-0.30810685457199666,0.01353616626359173,87
105,3.4329466819763184,0.13785194019817765,0.0025214354197184243,0.0005861395328485385,0.1,64,3,1,100,255,balanced_accuracy,1e-05,"OrderedDict([('learning_rate', 0.1), ('max_bins', 64), ('max_depth', 3), ('min_samples_leaf', 1), ('n_estimators', 100), ('num_leaves', 255), ('scoring', 'balanced_accuracy'), ('tol', 1e-05)])",-0.5173269154162491,-0.47959525928878144,-0.5286983510551293,-0.5085401752533866,0.020987035796269406,100,-0.2588744760776446,-0.2734299083479966,-0.23884507752330597,-0.25704982064964904,0.014178026575568796,50
106,1.4102161725362141,0.012888014610948703,0.003263394037882487,0.00010505584628132479,0.1,32,3,5,50,127,accuracy,1e-06,"OrderedDict([('learning_rate', 0.1), ('max_bins', 32), ('max_depth', 3), ('min_samples_leaf', 5), ('n_estimators', 50), ('num_leaves', 127), ('scoring', 'accuracy'), ('tol', 1e-06)])",-0.5029427944534995,-0.44059377294361624,-0.5134056319535376,-0.48564739978355115,0.03214280334913895,1,-0.3092632835528476,-0.3240767124672778,-0.29098056769586467,-0.30810685457199666,0.01353616626359173,87
107,17.559813022613525,0.8314351399390791,0.004413127899169922,0.0013269951613966754,0.1,128,7,2,100,127,recall,1e-05,"OrderedDict([('learning_rate', 0.1), ('max_bins', 128), ('max_depth', 7), ('min_samples_leaf', 2), ('n_estimators', 100), ('num_leaves', 127), ('scoring', 'recall'), ('tol', 1e-05)])",-0.6039314562018276,-0.6563038592734955,-0.6407602317801674,-0.6336651824184969,0.02196166273241803,128,-0.05923576963234532,-0.040509153103168986,-0.049572410390116034,-0.04977244437521011,0.007646417542618658,16
108,2.2654091517130532,0.055127630710725094,0.006178617477416992,0.0015036774311487924,0.1,32,3,2,50,127,recall,1e-06,"OrderedDict([('learning_rate', 0.1), ('max_bins', 32), ('max_depth', 3), ('min_samples_leaf', 2), ('n_estimators', 50), ('num_leaves', 127), ('scoring', 'recall'), ('tol', 1e-06)])",-0.49663807231580787,-0.4478640891211364,-0.5189063956044319,-0.48780285234712534,0.02966814410034075,63,-0.29490768972398546,-0.30676371169654537,-0.27758964107669765,-0.29308701416574284,0.011979642280392519,65
109,2.0812007586161294,0.09265081101126423,0.004451910654703776,0.0007248460790965836,0.1,128,3,2,50,127,accuracy,1e-05,"OrderedDict([('learning_rate', 0.1), ('max_bins', 128), ('max_depth', 3), ('min_samples_leaf', 2), ('n_estimators', 50), ('num_leaves', 127), ('scoring', 'accuracy'), ('tol', 1e-05)])",-0.5035504450355702,-0.4765299602106548,-0.5078236141865612,-0.4959680064775955,0.013855040614761543,87,-0.2970351320157134,-0.3078719679261495,-0.2699904720608492,-0.29163252400090406,0.015929910279501535,63
110,1.5012255509694417,0.04877822970025876,0.0074999332427978516,0.0035760409329115314,0.1,32,3,5,50,127,loss,1e-07,"OrderedDict([('learning_rate', 0.1), ('max_bins', 32), ('max_depth', 3), ('min_samples_leaf', 5), ('n_estimators', 50), ('num_leaves', 127), ('scoring', 'loss'), ('tol', 1e-07)])",-0.5029427944534995,-0.44059377294361624,-0.5134056319535376,-0.48564739978355115,0.03214280334913895,1,-0.3092632835528476,-0.3240767124672778,-0.29098056769586467,-0.30810685457199666,0.01353616626359173,87
111,1.4399614334106445,0.07596935444080115,0.004577159881591797,0.0014195175641442137,0.1,32,3,5,50,31,precision,1e-06,"OrderedDict([('learning_rate', 0.1), ('max_bins', 32), ('max_depth', 3), ('min_samples_leaf', 5), ('n_estimators', 50), ('num_leaves', 31), ('scoring', 'precision'), ('tol', 1e-06)])",-0.5029427944534995,-0.44059377294361624,-0.5134056319535376,-0.48564739978355115,0.03214280334913895,1,-0.3092632835528476,-0.3240767124672778,-0.29098056769586467,-0.30810685457199666,0.01353616626359173,87
112,1.5289979775746663,0.028133387622410796,0.004939556121826172,0.001311793899821541,0.1,32,3,5,50,255,recall,1e-07,"OrderedDict([('learning_rate', 0.1), ('max_bins', 32), ('max_depth', 3), ('min_samples_leaf', 5), ('n_estimators', 50), ('num_leaves', 255), ('scoring', 'recall'), ('tol', 1e-07)])",-0.5029427944534995,-0.44059377294361624,-0.5134056319535376,-0.48564739978355115,0.03214280334913895,1,-0.3092632835528476,-0.3240767124672778,-0.29098056769586467,-0.30810685457199666,0.01353616626359173,87
113,1.551734209060669,0.042338275880226726,0.005244652430216472,0.001070969628668034,0.1,32,3,5,50,127,recall,1e-06,"OrderedDict([('learning_rate', 0.1), ('max_bins', 32), ('max_depth', 3), ('min_samples_leaf', 5), ('n_estimators', 50), ('num_leaves', 127), ('scoring', 'recall'), ('tol', 1e-06)])",-0.5029427944534995,-0.44059377294361624,-0.5134056319535376,-0.48564739978355115,0.03214280334913895,1,-0.3092632835528476,-0.3240767124672778,-0.29098056769586467,-0.30810685457199666,0.01353616626359173,87
114,1.6281903584798176,0.046653228300123604,0.0050474802652994795,0.0007712071529576749,0.1,32,3,2,50,31,recall,1e-06,"OrderedDict([('learning_rate', 0.1), ('max_bins', 32), ('max_depth', 3), ('min_samples_leaf', 2), ('n_estimators', 50), ('num_leaves', 31), ('scoring', 'recall'), ('tol', 1e-06)])",-0.49663807231580787,-0.4478640891211364,-0.5189063956044319,-0.48780285234712534,0.02966814410034075,63,-0.29490768972398546,-0.30676371169654537,-0.27758964107669765,-0.29308701416574284,0.011979642280392519,65
115,1.6117687225341797,0.025244074214257367,0.004575332005818685,0.000291396297559602,0.1,32,3,2,50,127,balanced_accuracy,1e-07,"OrderedDict([('learning_rate', 0.1), ('max_bins', 32), ('max_depth', 3), ('min_samples_leaf', 2), ('n_estimators', 50), ('num_leaves', 127), ('scoring', 'balanced_accuracy'), ('tol', 1e-07)])",-0.49663807231580787,-0.4478640891211364,-0.5189063956044319,-0.48780285234712534,0.02966814410034075,63,-0.29490768972398546,-0.30676371169654537,-0.27758964107669765,-0.29308701416574284,0.011979642280392519,65
116,3.9958948294321694,0.059655012961857386,0.00405120849609375,0.0004159816428985843,0.1,64,5,2,50,31,balanced_accuracy,1e-05,"OrderedDict([('learning_rate', 0.1), ('max_bins', 64), ('max_depth', 5), ('min_samples_leaf', 2), ('n_estimators', 50), ('num_leaves', 31), ('scoring', 'balanced_accuracy'), ('tol', 1e-05)])",-0.5294007910798586,-0.4971687114909794,-0.5335632477883675,-0.5200442501197352,0.01626446458037328,110,-0.1689418112383965,-0.16461575383498656,-0.16483005191944503,-0.16612920566427603,0.0019907357942782183,41
117,1.4523955186208088,0.06960740955821478,0.0035974979400634766,0.0008034989335966861,0.1,32,3,5,50,31,accuracy,1e-06,"OrderedDict([('learning_rate', 0.1), ('max_bins', 32), ('max_depth', 3), ('min_samples_leaf', 5), ('n_estimators', 50), ('num_leaves', 31), ('scoring', 'accuracy'), ('tol', 1e-06)])",-0.5029427944534995,-0.44059377294361624,-0.5134056319535376,-0.48564739978355115,0.03214280334913895,1,-0.3092632835528476,-0.3240767124672778,-0.29098056769586467,-0.30810685457199666,0.01353616626359173,87
118,1.4766312440236409,0.033967873038620734,0.0035975774129231772,0.0007140537953674912,0.1,32,3,5,50,127,accuracy,1e-06,"OrderedDict([('learning_rate', 0.1), ('max_bins', 32), ('max_depth', 3), ('min_samples_leaf', 5), ('n_estimators', 50), ('num_leaves', 127), ('scoring', 'accuracy'), ('tol', 1e-06)])",-0.5029427944534995,-0.44059377294361624,-0.5134056319535376,-0.48564739978355115,0.03214280334913895,1,-0.3092632835528476,-0.3240767124672778,-0.29098056769586467,-0.30810685457199666,0.01353616626359173,87
119,1.5027840932210286,0.039961688011654777,0.0024764537811279297,0.00048641157160217473,0.1,32,3,5,50,31,accuracy,1e-05,"OrderedDict([('learning_rate', 0.1), ('max_bins', 32), ('max_depth', 3), ('min_samples_leaf', 5), ('n_estimators', 50), ('num_leaves', 31), ('scoring', 'accuracy'), ('tol', 1e-05)])",-0.5029427944534995,-0.44059377294361624,-0.5134056319535376,-0.48564739978355115,0.03214280334913895,1,-0.3092632835528476,-0.3240767124672778,-0.29098056769586467,-0.30810685457199666,0.01353616626359173,87
120,1.4999762376149495,0.02415525076732365,0.003121455510457357,0.0008092055438040976,0.1,32,3,5,50,255,accuracy,1e-07,"OrderedDict([('learning_rate', 0.1), ('max_bins', 32), ('max_depth', 3), ('min_samples_leaf', 5), ('n_estimators', 50), ('num_leaves', 255), ('scoring', 'accuracy'), ('tol', 1e-07)])",-0.5029427944534995,-0.44059377294361624,-0.5134056319535376,-0.48564739978355115,0.03214280334913895,1,-0.3092632835528476,-0.3240767124672778,-0.29098056769586467,-0.30810685457199666,0.01353616626359173,87
121,1.4777487913767497,0.056676984774053536,0.0029997030893961587,0.0005736035006824506,0.1,32,3,5,50,127,recall,1e-05,"OrderedDict([('learning_rate', 0.1), ('max_bins', 32), ('max_depth', 3), ('min_samples_leaf', 5), ('n_estimators', 50), ('num_leaves', 127), ('scoring', 'recall'), ('tol', 1e-05)])",-0.5029427944534995,-0.44059377294361624,-0.5134056319535376,-0.48564739978355115,0.03214280334913895,1,-0.3092632835528476,-0.3240767124672778,-0.29098056769586467,-0.30810685457199666,0.01353616626359173,87
122,1.5793139139811199,0.027175641776436603,0.003608544667561849,0.00038254637245969,0.1,32,3,5,50,127,balanced_accuracy,1e-06,"OrderedDict([('learning_rate', 0.1), ('max_bins', 32), ('max_depth', 3), ('min_samples_leaf', 5), ('n_estimators', 50), ('num_leaves', 127), ('scoring', 'balanced_accuracy'), ('tol', 1e-06)])",-0.5029427944534995,-0.44059377294361624,-0.5134056319535376,-0.48564739978355115,0.03214280334913895,1,-0.3092632835528476,-0.3240767124672778,-0.29098056769586467,-0.30810685457199666,0.01353616626359173,87
123,1.5930147965749104,0.03773330913220674,0.003926436106363933,0.0009947583975707212,0.1,32,3,5,50,127,precision,1e-07,"OrderedDict([('learning_rate', 0.1), ('max_bins', 32), ('max_depth', 3), ('min_samples_leaf', 5), ('n_estimators', 50), ('num_leaves', 127), ('scoring', 'precision'), ('tol', 1e-07)])",-0.5029427944534995,-0.44059377294361624,-0.5134056319535376,-0.48564739978355115,0.03214280334913895,1,-0.3092632835528476,-0.3240767124672778,-0.29098056769586467,-0.30810685457199666,0.01353616626359173,87
124,1.5450371106465657,0.05902753687761745,0.0028444131215413413,0.0006235582681651161,0.1,32,3,5,50,31,loss,1e-07,"OrderedDict([('learning_rate', 0.1), ('max_bins', 32), ('max_depth', 3), ('min_samples_leaf', 5), ('n_estimators', 50), ('num_leaves', 31), ('scoring', 'loss'), ('tol', 1e-07)])",-0.5029427944534995,-0.44059377294361624,-0.5134056319535376,-0.48564739978355115,0.03214280334913895,1,-0.3092632835528476,-0.3240767124672778,-0.29098056769586467,-0.30810685457199666,0.01353616626359173,87
125,5.830175797144572,0.022101203671115892,0.003783543904622396,0.0002879292603640758,0.1,32,7,4,50,127,precision,1e-07,"OrderedDict([('learning_rate', 0.1), ('max_bins', 32), ('max_depth', 7), ('min_samples_leaf', 4), ('n_estimators', 50), ('num_leaves', 127), ('scoring', 'precision'), ('tol', 1e-07)])",-0.602653500075166,-0.4918252459456476,-0.5699091307903552,-0.5547959589370562,0.04649036782639168,121,-0.1316446958632482,-0.1306294815029303,-0.12625024343263883,-0.12950814026627244,0.002340667124745832,30
126,1.449329932530721,0.06938875378717295,0.0034900506337483725,8.254709400565705e-05,0.1,128,3,3,50,127,loss,1e-07,"OrderedDict([('learning_rate', 0.1), ('max_bins', 128), ('max_depth', 3), ('min_samples_leaf', 3), ('n_estimators', 50), ('num_leaves', 127), ('scoring', 'loss'), ('tol', 1e-07)])",-0.5292589636463975,-0.4851971592802631,-0.49780958731020086,-0.5040885700789538,0.018527994485059575,95,-0.30505824388643393,-0.3118044816041973,-0.2778280065382025,-0.29823024400961123,0.014687100944160944,79
127,1.568245569864909,0.048275693364967426,0.0025980472564697266,0.00036916389724883647,0.1,32,3,5,50,127,f1,1e-06,"OrderedDict([('learning_rate', 0.1), ('max_bins', 32), ('max_depth', 3), ('min_samples_leaf', 5), ('n_estimators', 50), ('num_leaves', 127), ('scoring', 'f1'), ('tol', 1e-06)])",-0.5029427944534995,-0.44059377294361624,-0.5134056319535376,-0.48564739978355115,0.03214280334913895,1,-0.3092632835528476,-0.3240767124672778,-0.29098056769586467,-0.30810685457199666,0.01353616626359173,87
128,1.5388143062591553,0.05170959732630303,0.003212134043375651,0.00030307045641784754,0.1,32,3,5,50,255,f1,1e-06,"OrderedDict([('learning_rate', 0.1), ('max_bins', 32), ('max_depth', 3), ('min_samples_leaf', 5), ('n_estimators', 50), ('num_leaves', 255), ('scoring', 'f1'), ('tol', 1e-06)])",-0.5029427944534995,-0.44059377294361624,-0.5134056319535376,-0.48564739978355115,0.03214280334913895,1,-0.3092632835528476,-0.3240767124672778,-0.29098056769586467,-0.30810685457199666,0.01353616626359173,87
129,1.4555015563964844,0.04097433609651421,0.003268639246622721,0.00046197500200933925,0.1,32,3,5,50,31,balanced_accuracy,1e-05,"OrderedDict([('learning_rate', 0.1), ('max_bins', 32), ('max_depth', 3), ('min_samples_leaf', 5), ('n_estimators', 50), ('num_leaves', 31), ('scoring', 'balanced_accuracy'), ('tol', 1e-05)])",-0.5029427944534995,-0.44059377294361624,-0.5134056319535376,-0.48564739978355115,0.03214280334913895,1,-0.3092632835528476,-0.3240767124672778,-0.29098056769586467,-0.30810685457199666,0.01353616626359173,87
130,1.4698786735534668,0.01714070313504169,0.002919912338256836,0.0007576227704557623,0.1,32,3,5,50,255,f1,1e-05,"OrderedDict([('learning_rate', 0.1), ('max_bins', 32), ('max_depth', 3), ('min_samples_leaf', 5), ('n_estimators', 50), ('num_leaves', 255), ('scoring', 'f1'), ('tol', 1e-05)])",-0.5029427944534995,-0.44059377294361624,-0.5134056319535376,-0.48564739978355115,0.03214280334913895,1,-0.3092632835528476,-0.3240767124672778,-0.29098056769586467,-0.30810685457199666,0.01353616626359173,87
131,1.475718339284261,0.040410228404885264,0.0027298927307128906,7.097856311879149e-05,0.1,32,3,5,50,31,loss,1e-06,"OrderedDict([('learning_rate', 0.1), ('max_bins', 32), ('max_depth', 3), ('min_samples_leaf', 5), ('n_estimators', 50), ('num_leaves', 31), ('scoring', 'loss'), ('tol', 1e-06)])",-0.5029427944534995,-0.44059377294361624,-0.5134056319535376,-0.48564739978355115,0.03214280334913895,1,-0.3092632835528476,-0.3240767124672778,-0.29098056769586467,-0.30810685457199666,0.01353616626359173,87
132,1.5562167167663574,0.011830374959985158,0.0037651856740315757,0.0008077527239816842,0.1,32,3,5,50,31,recall,1e-06,"OrderedDict([('learning_rate', 0.1), ('max_bins', 32), ('max_depth', 3), ('min_samples_leaf', 5), ('n_estimators', 50), ('num_leaves', 31), ('scoring', 'recall'), ('tol', 1e-06)])",-0.5029427944534995,-0.44059377294361624,-0.5134056319535376,-0.48564739978355115,0.03214280334913895,1,-0.3092632835528476,-0.3240767124672778,-0.29098056769586467,-0.30810685457199666,0.01353616626359173,87
133,1.5948253472646077,0.007633673119696668,0.004966338475545247,0.000782618063993244,0.1,32,3,5,50,127,recall,1e-07,"OrderedDict([('learning_rate', 0.1), ('max_bins', 32), ('max_depth', 3), ('min_samples_leaf', 5), ('n_estimators', 50), ('num_leaves', 127), ('scoring', 'recall'), ('tol', 1e-07)])",-0.5029427944534995,-0.44059377294361624,-0.5134056319535376,-0.48564739978355115,0.03214280334913895,1,-0.3092632835528476,-0.3240767124672778,-0.29098056769586467,-0.30810685457199666,0.01353616626359173,87
134,1.591164509455363,0.04101578402040354,0.004076480865478516,0.00026968805512177826,0.1,32,3,5,50,255,precision,1e-07,"OrderedDict([('learning_rate', 0.1), ('max_bins', 32), ('max_depth', 3), ('min_samples_leaf', 5), ('n_estimators', 50), ('num_leaves', 255), ('scoring', 'precision'), ('tol', 1e-07)])",-0.5029427944534995,-0.44059377294361624,-0.5134056319535376,-0.48564739978355115,0.03214280334913895,1,-0.3092632835528476,-0.3240767124672778,-0.29098056769586467,-0.30810685457199666,0.01353616626359173,87
135,1.4940752983093262,0.047273283132586184,0.0029671192169189453,0.0006453226841852297,0.1,32,3,5,50,127,balanced_accuracy,1e-06,"OrderedDict([('learning_rate', 0.1), ('max_bins', 32), ('max_depth', 3), ('min_samples_leaf', 5), ('n_estimators', 50), ('num_leaves', 127), ('scoring', 'balanced_accuracy'), ('tol', 1e-06)])",-0.5029427944534995,-0.44059377294361624,-0.5134056319535376,-0.48564739978355115,0.03214280334913895,1,-0.3092632835528476,-0.3240767124672778,-0.29098056769586467,-0.30810685457199666,0.01353616626359173,87
136,1.5281964937845867,0.0601071207384718,0.0032122929890950522,0.0003735244527721992,0.1,32,3,5,50,31,f1,1e-07,"OrderedDict([('learning_rate', 0.1), ('max_bins', 32), ('max_depth', 3), ('min_samples_leaf', 5), ('n_estimators', 50), ('num_leaves', 31), ('scoring', 'f1'), ('tol', 1e-07)])",-0.5029427944534995,-0.44059377294361624,-0.5134056319535376,-0.48564739978355115,0.03214280334913895,1,-0.3092632835528476,-0.3240767124672778,-0.29098056769586467,-0.30810685457199666,0.01353616626359173,87
137,1.6485356489817302,0.014579228084087,0.0030400753021240234,0.0003118269538356131,0.1,32,3,1,50,127,recall,1e-06,"OrderedDict([('learning_rate', 0.1), ('max_bins', 32), ('max_depth', 3), ('min_samples_leaf', 1), ('n_estimators', 50), ('num_leaves', 127), ('scoring', 'recall'), ('tol', 1e-06)])",-0.5122256591548024,-0.4478707904048358,-0.5110615151321183,-0.4903859882305855,0.03006654112074708,79,-0.2817698157812248,-0.30466985690428333,-0.27328622784426704,-0.2865753001765917,0.013255251876137273,58
138,1.4473522504170735,0.04162301374894759,0.0031429131825764975,0.0008481525809876956,0.1,32,3,5,50,31,recall,1e-07,"OrderedDict([('learning_rate', 0.1), ('max_bins', 32), ('max_depth', 3), ('min_samples_leaf', 5), ('n_estimators', 50), ('num_leaves', 31), ('scoring', 'recall'), ('tol', 1e-07)])",-0.5029427944534995,-0.44059377294361624,-0.5134056319535376,-0.48564739978355115,0.03214280334913895,1,-0.3092632835528476,-0.3240767124672778,-0.29098056769586467,-0.30810685457199666,0.01353616626359173,87
139,1.4123407204945881,0.0599284894674359,0.0030234654744466147,0.0003590120619469805,0.1,32,3,5,50,127,accuracy,1e-07,"OrderedDict([('learning_rate', 0.1), ('max_bins', 32), ('max_depth', 3), ('min_samples_leaf', 5), ('n_estimators', 50), ('num_leaves', 127), ('scoring', 'accuracy'), ('tol', 1e-07)])",-0.5029427944534995,-0.44059377294361624,-0.5134056319535376,-0.48564739978355115,0.03214280334913895,1,-0.3092632835528476,-0.3240767124672778,-0.29098056769586467,-0.30810685457199666,0.01353616626359173,87
140,1.4754776159922283,0.03711192740869808,0.005664269129435222,0.0011133589504809778,0.1,32,3,5,50,31,balanced_accuracy,1e-06,"OrderedDict([('learning_rate', 0.1), ('max_bins', 32), ('max_depth', 3), ('min_samples_leaf', 5), ('n_estimators', 50), ('num_leaves', 31), ('scoring', 'balanced_accuracy'), ('tol', 1e-06)])",-0.5029427944534995,-0.44059377294361624,-0.5134056319535376,-0.48564739978355115,0.03214280334913895,1,-0.3092632835528476,-0.3240767124672778,-0.29098056769586467,-0.30810685457199666,0.01353616626359173,87
141,1.4605554739634197,0.028627894441193794,0.0036345322926839194,0.0008257383789380277,0.1,32,3,5,50,255,loss,1e-06,"OrderedDict([('learning_rate', 0.1), ('max_bins', 32), ('max_depth', 3), ('min_samples_leaf', 5), ('n_estimators', 50), ('num_leaves', 255), ('scoring', 'loss'), ('tol', 1e-06)])",-0.5029427944534995,-0.44059377294361624,-0.5134056319535376,-0.48564739978355115,0.03214280334913895,1,-0.3092632835528476,-0.3240767124672778,-0.29098056769586467,-0.30810685457199666,0.01353616626359173,87
142,1.3904225826263428,0.05511133207951996,0.004295190175374349,0.001035660968348951,0.1,32,3,5,50,31,f1,1e-07,"OrderedDict([('learning_rate', 0.1), ('max_bins', 32), ('max_depth', 3), ('min_samples_leaf', 5), ('n_estimators', 50), ('num_leaves', 31), ('scoring', 'f1'), ('tol', 1e-07)])",-0.5029427944534995,-0.44059377294361624,-0.5134056319535376,-0.48564739978355115,0.03214280334913895,1,-0.3092632835528476,-0.3240767124672778,-0.29098056769586467,-0.30810685457199666,0.01353616626359173,87
143,1.4606907367706299,0.034881362842867254,0.003620624542236328,0.0009588632680930902,0.1,32,3,5,50,127,balanced_accuracy,1e-07,"OrderedDict([('learning_rate', 0.1), ('max_bins', 32), ('max_depth', 3), ('min_samples_leaf', 5), ('n_estimators', 50), ('num_leaves', 127), ('scoring', 'balanced_accuracy'), ('tol', 1e-07)])",-0.5029427944534995,-0.44059377294361624,-0.5134056319535376,-0.48564739978355115,0.03214280334913895,1,-0.3092632835528476,-0.3240767124672778,-0.29098056769586467,-0.30810685457199666,0.01353616626359173,87
144,3.092931111653646,0.04958591142282513,0.002986749013264974,0.00042070003006935866,0.1,32,5,5,50,255,f1,1e-06,"OrderedDict([('learning_rate', 0.1), ('max_bins', 32), ('max_depth', 5), ('min_samples_leaf', 5), ('n_estimators', 50), ('num_leaves', 255), ('scoring', 'f1'), ('tol', 1e-06)])",-0.5550928876118362,-0.463704728138714,-0.5598502516950172,-0.5262159558151892,0.04424476102674055,113,-0.21002039555881066,-0.20174262517119415,-0.20020022312368768,-0.20398774795123084,0.004311950748556623,47
145,4.077978134155273,0.253269259810825,0.003618160883585612,0.0003117874750885536,0.5,32,5,2,50,127,loss,1e-06,"OrderedDict([('learning_rate', 0.5), ('max_bins', 32), ('max_depth', 5), ('min_samples_leaf', 2), ('n_estimators', 50), ('num_leaves', 127), ('scoring', 'loss'), ('tol', 1e-06)])",-0.9446537122729756,-0.8184228780236348,-1.13075683218552,-0.9646111408273766,0.12828834435618763,140,-0.011245336512755237,-0.006986613322571696,-0.003986588859188283,-0.007406179564838405,0.002978185269396818,10
146,9.795338789621988,0.06743255471656834,0.0033636887868245444,0.0006407818663078557,0.5,128,9,2,50,255,loss,1e-07,"OrderedDict([('learning_rate', 0.5), ('max_bins', 128), ('max_depth', 9), ('min_samples_leaf', 2), ('n_estimators', 50), ('num_leaves', 255), ('scoring', 'loss'), ('tol', 1e-07)])",-1.476177981105246,-1.34415385068504,-1.5685098288091484,-1.4629472201998113,0.09206950637284472,145,-0.00013484901029507822,-0.00012888251199865886,-0.00011096644262732579,-0.00012489932164035428,1.0148681808460357e-05,3
147,1.4673370520273845,0.060581522505404134,0.0035637219746907554,0.0011734735495824828,0.1,32,3,5,50,31,loss,1e-07,"OrderedDict([('learning_rate', 0.1), ('max_bins', 32), ('max_depth', 3), ('min_samples_leaf', 5), ('n_estimators', 50), ('num_leaves', 31), ('scoring', 'loss'), ('tol', 1e-07)])",-0.5029427944534995,-0.44059377294361624,-0.5134056319535376,-0.48564739978355115,0.03214280334913895,1,-0.3092632835528476,-0.3240767124672778,-0.29098056769586467,-0.30810685457199666,0.01353616626359173,87
148,1.4641934235890706,0.03581178721172505,0.003396749496459961,0.000141300375539161,0.1,32,3,5,50,31,recall,1e-06,"OrderedDict([('learning_rate', 0.1), ('max_bins', 32), ('max_depth', 3), ('min_samples_leaf', 5), ('n_estimators', 50), ('num_leaves', 31), ('scoring', 'recall'), ('tol', 1e-06)])",-0.5029427944534995,-0.44059377294361624,-0.5134056319535376,-0.48564739978355115,0.03214280334913895,1,-0.3092632835528476,-0.3240767124672778,-0.29098056769586467,-0.30810685457199666,0.01353616626359173,87
149,1.5976868470509846,0.051182342405466784,0.004209677378336589,0.00032640332641113424,0.1,32,3,5,50,31,balanced_accuracy,1e-07,"OrderedDict([('learning_rate', 0.1), ('max_bins', 32), ('max_depth', 3), ('min_samples_leaf', 5), ('n_estimators', 50), ('num_leaves', 31), ('scoring', 'balanced_accuracy'), ('tol', 1e-07)])",-0.5029427944534995,-0.44059377294361624,-0.5134056319535376,-0.48564739978355115,0.03214280334913895,1,-0.3092632835528476,-0.3240767124672778,-0.29098056769586467,-0.30810685457199666,0.01353616626359173,87
