,mean_fit_time,std_fit_time,mean_score_time,std_score_time,param_reg_param,param_tol,params,split0_test_score,split1_test_score,split2_test_score,mean_test_score,std_test_score,rank_test_score,split0_train_score,split1_train_score,split2_train_score,mean_train_score,std_train_score,rank_train_score
0,0.007237593332926433,0.00187267630424266,0.003204345703125,0.0009458308336580518,0.1,1e-06,"OrderedDict([('reg_param', 0.1), ('tol', 1e-06)])",-0.529168794601714,-1.2720555031512786,-0.5319125902070613,-0.7777122959866846,0.34955522878453554,143,-0.3654666724288536,-0.9027277943013237,-0.3261467829850747,-0.5314470832384174,0.26302539577260187,1
1,0.006625572840372722,0.0010083777002188653,0.005723714828491211,0.0014310249360789638,0.1,1e-06,"OrderedDict([('reg_param', 0.1), ('tol', 1e-06)])",-0.529168794601714,-1.2720555031512786,-0.5319125902070613,-0.7777122959866846,0.34955522878453554,143,-0.3654666724288536,-0.9027277943013237,-0.3261467829850747,-0.5314470832384174,0.26302539577260187,1
2,0.003159761428833008,0.0003875695247015049,0.0018916130065917969,0.00012593120993920325,1.0,1e-06,"OrderedDict([('reg_param', 1.0), ('tol', 1e-06)])",-0.5031611274027734,-1.4001909889165554,-0.9519101547664223,-0.9517540903619169,0.3662109240851348,147,-0.6578042727050554,-1.1971758577139247,-0.9762019271595189,-0.9437273525261664,0.22139162160744,147
3,0.005331834157307942,0.0005674430747023082,0.004607041676839192,0.0013075149687282663,0.5,1e-05,"OrderedDict([('reg_param', 0.5), ('tol', 1e-05)])",-0.4503624800017876,-1.0906408409405313,-0.4520323890341009,-0.6643452366588066,0.3014372834952401,1,-0.42694450843623727,-0.7872413481632303,-0.43340813023315444,-0.549197995610874,0.16834275129916237,5
4,0.002467552820841471,5.1992138521033124e-05,0.0012965997060139973,1.7686238097899666e-05,0.0,1e-07,"OrderedDict([('reg_param', 0.0), ('tol', 1e-07)])",-6.293336306036329,-14.57228823788209,-10.098135060041866,-10.321253201320095,3.3835481919802026,148,-5.911159155815212,-13.286424006433268,-7.117561821832912,-8.771714994693797,3.2301496295223275,148
5,0.002278010050455729,5.749673286687825e-05,0.0013058185577392578,3.159803323758942e-05,0.0,1e-06,"OrderedDict([('reg_param', 0.0), ('tol', 1e-06)])",-6.293336306036329,-14.57228823788209,-10.098135060041866,-10.321253201320095,3.3835481919802026,148,-5.911159155815212,-13.286424006433268,-7.117561821832912,-8.771714994693797,3.2301496295223275,148
6,0.002325296401977539,3.562636315899639e-05,0.0014808177947998047,0.0001726434791367445,0.5,1e-07,"OrderedDict([('reg_param', 0.5), ('tol', 1e-07)])",-0.4503624800017876,-1.0906408409405313,-0.4520323890341009,-0.6643452366588066,0.3014372834952401,1,-0.42694450843623727,-0.7872413481632303,-0.43340813023315444,-0.549197995610874,0.16834275129916237,5
7,0.0021649996439615884,4.51769480848572e-05,0.0014740626017252605,9.598143595810152e-05,0.5,1e-07,"OrderedDict([('reg_param', 0.5), ('tol', 1e-07)])",-0.4503624800017876,-1.0906408409405313,-0.4520323890341009,-0.6643452366588066,0.3014372834952401,1,-0.42694450843623727,-0.7872413481632303,-0.43340813023315444,-0.549197995610874,0.16834275129916237,5
8,0.0022156238555908203,1.563051548298241e-05,0.0012836456298828125,2.582855713644188e-05,0.5,1e-05,"OrderedDict([('reg_param', 0.5), ('tol', 1e-05)])",-0.4503624800017876,-1.0906408409405313,-0.4520323890341009,-0.6643452366588066,0.3014372834952401,1,-0.42694450843623727,-0.7872413481632303,-0.43340813023315444,-0.549197995610874,0.16834275129916237,5
9,0.003974755605061849,0.002571919941062413,0.0036210219065348306,0.0034164878609755705,0.0,1e-05,"OrderedDict([('reg_param', 0.0), ('tol', 1e-05)])",-6.293336306036329,-14.57228823788209,-10.098135060041866,-10.321253201320095,3.3835481919802026,148,-5.911159155815212,-13.286424006433268,-7.117561821832912,-8.771714994693797,3.2301496295223275,148
10,0.003330787022908529,0.001625276473632752,0.0027856826782226562,0.002106347318169668,0.5,1e-06,"OrderedDict([('reg_param', 0.5), ('tol', 1e-06)])",-0.4503624800017876,-1.0906408409405313,-0.4520323890341009,-0.6643452366588066,0.3014372834952401,1,-0.42694450843623727,-0.7872413481632303,-0.43340813023315444,-0.549197995610874,0.16834275129916237,5
11,0.00735934575398763,0.001526533005674831,0.006761630376180013,0.0048330259418965515,0.5,1e-06,"OrderedDict([('reg_param', 0.5), ('tol', 1e-06)])",-0.4503624800017876,-1.0906408409405313,-0.4520323890341009,-0.6643452366588066,0.3014372834952401,1,-0.42694450843623727,-0.7872413481632303,-0.43340813023315444,-0.549197995610874,0.16834275129916237,5
12,0.003258784612019857,0.0015946329248639353,0.007103919982910156,0.0043251824049734015,0.5,1e-07,"OrderedDict([('reg_param', 0.5), ('tol', 1e-07)])",-0.4503624800017876,-1.0906408409405313,-0.4520323890341009,-0.6643452366588066,0.3014372834952401,1,-0.42694450843623727,-0.7872413481632303,-0.43340813023315444,-0.549197995610874,0.16834275129916237,5
13,0.011075099309285482,0.0007039133034808792,0.005525032679239909,0.002970589387450193,0.5,1e-06,"OrderedDict([('reg_param', 0.5), ('tol', 1e-06)])",-0.4503624800017876,-1.0906408409405313,-0.4520323890341009,-0.6643452366588066,0.3014372834952401,1,-0.42694450843623727,-0.7872413481632303,-0.43340813023315444,-0.549197995610874,0.16834275129916237,5
14,0.00969680150349935,0.006858932583075978,0.006070057551066081,0.002187701134869273,0.5,1e-05,"OrderedDict([('reg_param', 0.5), ('tol', 1e-05)])",-0.4503624800017876,-1.0906408409405313,-0.4520323890341009,-0.6643452366588066,0.3014372834952401,1,-0.42694450843623727,-0.7872413481632303,-0.43340813023315444,-0.549197995610874,0.16834275129916237,5
15,0.004251639048258464,0.0022263628392112994,0.0033326148986816406,0.0016704947539048808,0.5,1e-07,"OrderedDict([('reg_param', 0.5), ('tol', 1e-07)])",-0.4503624800017876,-1.0906408409405313,-0.4520323890341009,-0.6643452366588066,0.3014372834952401,1,-0.42694450843623727,-0.7872413481632303,-0.43340813023315444,-0.549197995610874,0.16834275129916237,5
16,0.005251646041870117,0.0011631963493518153,0.008427619934082031,0.005119517667665943,0.5,1e-05,"OrderedDict([('reg_param', 0.5), ('tol', 1e-05)])",-0.4503624800017876,-1.0906408409405313,-0.4520323890341009,-0.6643452366588066,0.3014372834952401,1,-0.42694450843623727,-0.7872413481632303,-0.43340813023315444,-0.549197995610874,0.16834275129916237,5
17,0.0036214192708333335,0.0018891729596344918,0.004863897959391276,0.0004298660901564662,0.5,1e-06,"OrderedDict([('reg_param', 0.5), ('tol', 1e-06)])",-0.4503624800017876,-1.0906408409405313,-0.4520323890341009,-0.6643452366588066,0.3014372834952401,1,-0.42694450843623727,-0.7872413481632303,-0.43340813023315444,-0.549197995610874,0.16834275129916237,5
18,0.00460052490234375,0.0033866373051358208,0.0036361217498779297,0.0033282046709056053,0.5,1e-06,"OrderedDict([('reg_param', 0.5), ('tol', 1e-06)])",-0.4503624800017876,-1.0906408409405313,-0.4520323890341009,-0.6643452366588066,0.3014372834952401,1,-0.42694450843623727,-0.7872413481632303,-0.43340813023315444,-0.549197995610874,0.16834275129916237,5
19,0.007968743642171225,0.004182394073107008,0.001251538594563802,6.541721927281783e-05,0.5,1e-07,"OrderedDict([('reg_param', 0.5), ('tol', 1e-07)])",-0.4503624800017876,-1.0906408409405313,-0.4520323890341009,-0.6643452366588066,0.3014372834952401,1,-0.42694450843623727,-0.7872413481632303,-0.43340813023315444,-0.549197995610874,0.16834275129916237,5
20,0.004897514979044597,0.0034785915637063677,0.004119396209716797,0.0027628977840978425,0.5,1e-05,"OrderedDict([('reg_param', 0.5), ('tol', 1e-05)])",-0.4503624800017876,-1.0906408409405313,-0.4520323890341009,-0.6643452366588066,0.3014372834952401,1,-0.42694450843623727,-0.7872413481632303,-0.43340813023315444,-0.549197995610874,0.16834275129916237,5
21,0.005321820576985677,0.002196292680529841,0.0033806165059407554,0.0030166682165101637,0.5,1e-06,"OrderedDict([('reg_param', 0.5), ('tol', 1e-06)])",-0.4503624800017876,-1.0906408409405313,-0.4520323890341009,-0.6643452366588066,0.3014372834952401,1,-0.42694450843623727,-0.7872413481632303,-0.43340813023315444,-0.549197995610874,0.16834275129916237,5
22,0.01238099733988444,0.010219064567902687,0.0067291259765625,0.0020681377557212814,0.5,1e-05,"OrderedDict([('reg_param', 0.5), ('tol', 1e-05)])",-0.4503624800017876,-1.0906408409405313,-0.4520323890341009,-0.6643452366588066,0.3014372834952401,1,-0.42694450843623727,-0.7872413481632303,-0.43340813023315444,-0.549197995610874,0.16834275129916237,5
23,0.005767981211344401,0.003563787486649567,0.0013115406036376953,0.0001337833477373101,0.5,1e-07,"OrderedDict([('reg_param', 0.5), ('tol', 1e-07)])",-0.4503624800017876,-1.0906408409405313,-0.4520323890341009,-0.6643452366588066,0.3014372834952401,1,-0.42694450843623727,-0.7872413481632303,-0.43340813023315444,-0.549197995610874,0.16834275129916237,5
24,0.005579630533854167,0.002491362767972079,0.0013364156087239583,0.00011116994727954782,0.5,1e-06,"OrderedDict([('reg_param', 0.5), ('tol', 1e-06)])",-0.4503624800017876,-1.0906408409405313,-0.4520323890341009,-0.6643452366588066,0.3014372834952401,1,-0.42694450843623727,-0.7872413481632303,-0.43340813023315444,-0.549197995610874,0.16834275129916237,5
25,0.007345120112101237,0.0036691065946728805,0.003439823786417643,0.0029873490955113578,0.5,1e-07,"OrderedDict([('reg_param', 0.5), ('tol', 1e-07)])",-0.4503624800017876,-1.0906408409405313,-0.4520323890341009,-0.6643452366588066,0.3014372834952401,1,-0.42694450843623727,-0.7872413481632303,-0.43340813023315444,-0.549197995610874,0.16834275129916237,5
26,0.0056993961334228516,0.0028106621421664494,0.003009796142578125,0.0012357947246035325,0.5,1e-05,"OrderedDict([('reg_param', 0.5), ('tol', 1e-05)])",-0.4503624800017876,-1.0906408409405313,-0.4520323890341009,-0.6643452366588066,0.3014372834952401,1,-0.42694450843623727,-0.7872413481632303,-0.43340813023315444,-0.549197995610874,0.16834275129916237,5
27,0.003397226333618164,0.0016674046470781347,0.0063470204671223955,0.003627862120018284,0.5,1e-05,"OrderedDict([('reg_param', 0.5), ('tol', 1e-05)])",-0.4503624800017876,-1.0906408409405313,-0.4520323890341009,-0.6643452366588066,0.3014372834952401,1,-0.42694450843623727,-0.7872413481632303,-0.43340813023315444,-0.549197995610874,0.16834275129916237,5
28,0.00706179936726888,8.843290460168392e-05,0.0042552947998046875,0.002618805583292896,0.5,1e-06,"OrderedDict([('reg_param', 0.5), ('tol', 1e-06)])",-0.4503624800017876,-1.0906408409405313,-0.4520323890341009,-0.6643452366588066,0.3014372834952401,1,-0.42694450843623727,-0.7872413481632303,-0.43340813023315444,-0.549197995610874,0.16834275129916237,5
29,0.002272526423136393,0.00012281408770881518,0.0058290958404541016,0.0032929673715874305,0.5,1e-07,"OrderedDict([('reg_param', 0.5), ('tol', 1e-07)])",-0.4503624800017876,-1.0906408409405313,-0.4520323890341009,-0.6643452366588066,0.3014372834952401,1,-0.42694450843623727,-0.7872413481632303,-0.43340813023315444,-0.549197995610874,0.16834275129916237,5
30,0.005869865417480469,0.002615811792056578,0.0048677921295166016,0.0028330325870313698,0.5,1e-05,"OrderedDict([('reg_param', 0.5), ('tol', 1e-05)])",-0.4503624800017876,-1.0906408409405313,-0.4520323890341009,-0.6643452366588066,0.3014372834952401,1,-0.42694450843623727,-0.7872413481632303,-0.43340813023315444,-0.549197995610874,0.16834275129916237,5
31,0.009040196736653646,0.004858139316577626,0.004172801971435547,0.002690046945393697,0.5,1e-06,"OrderedDict([('reg_param', 0.5), ('tol', 1e-06)])",-0.4503624800017876,-1.0906408409405313,-0.4520323890341009,-0.6643452366588066,0.3014372834952401,1,-0.42694450843623727,-0.7872413481632303,-0.43340813023315444,-0.549197995610874,0.16834275129916237,5
32,0.0023217995961507163,0.00011844618586216405,0.003254413604736328,0.0024159453389170343,0.5,1e-07,"OrderedDict([('reg_param', 0.5), ('tol', 1e-07)])",-0.4503624800017876,-1.0906408409405313,-0.4520323890341009,-0.6643452366588066,0.3014372834952401,1,-0.42694450843623727,-0.7872413481632303,-0.43340813023315444,-0.549197995610874,0.16834275129916237,5
33,0.009493112564086914,0.0014005676969160391,0.007318894068400065,0.008606124324954816,0.5,1e-05,"OrderedDict([('reg_param', 0.5), ('tol', 1e-05)])",-0.4503624800017876,-1.0906408409405313,-0.4520323890341009,-0.6643452366588066,0.3014372834952401,1,-0.42694450843623727,-0.7872413481632303,-0.43340813023315444,-0.549197995610874,0.16834275129916237,5
34,0.005808671315511067,0.0035313757061219606,0.008070866266886393,0.0020250412120956657,0.5,1e-07,"OrderedDict([('reg_param', 0.5), ('tol', 1e-07)])",-0.4503624800017876,-1.0906408409405313,-0.4520323890341009,-0.6643452366588066,0.3014372834952401,1,-0.42694450843623727,-0.7872413481632303,-0.43340813023315444,-0.549197995610874,0.16834275129916237,5
35,0.007927735646565756,0.002281370166509741,0.0029643376668294272,0.0016300297429164335,0.5,1e-06,"OrderedDict([('reg_param', 0.5), ('tol', 1e-06)])",-0.4503624800017876,-1.0906408409405313,-0.4520323890341009,-0.6643452366588066,0.3014372834952401,1,-0.42694450843623727,-0.7872413481632303,-0.43340813023315444,-0.549197995610874,0.16834275129916237,5
36,0.00649253527323405,0.0030870877354849655,0.007792234420776367,0.003181403941603647,0.5,1e-07,"OrderedDict([('reg_param', 0.5), ('tol', 1e-07)])",-0.4503624800017876,-1.0906408409405313,-0.4520323890341009,-0.6643452366588066,0.3014372834952401,1,-0.42694450843623727,-0.7872413481632303,-0.43340813023315444,-0.549197995610874,0.16834275129916237,5
37,0.010622262954711914,0.0014744225550915376,0.002526521682739258,0.0016125872839613485,0.5,1e-05,"OrderedDict([('reg_param', 0.5), ('tol', 1e-05)])",-0.4503624800017876,-1.0906408409405313,-0.4520323890341009,-0.6643452366588066,0.3014372834952401,1,-0.42694450843623727,-0.7872413481632303,-0.43340813023315444,-0.549197995610874,0.16834275129916237,5
38,0.0052712758382161455,0.0022885768346819183,0.005744775136311849,0.00612284119829958,0.5,1e-06,"OrderedDict([('reg_param', 0.5), ('tol', 1e-06)])",-0.4503624800017876,-1.0906408409405313,-0.4520323890341009,-0.6643452366588066,0.3014372834952401,1,-0.42694450843623727,-0.7872413481632303,-0.43340813023315444,-0.549197995610874,0.16834275129916237,5
39,0.0042264461517333984,0.0028292666636034083,0.002718051274617513,0.0011338135900276804,0.5,1e-07,"OrderedDict([('reg_param', 0.5), ('tol', 1e-07)])",-0.4503624800017876,-1.0906408409405313,-0.4520323890341009,-0.6643452366588066,0.3014372834952401,1,-0.42694450843623727,-0.7872413481632303,-0.43340813023315444,-0.549197995610874,0.16834275129916237,5
40,0.004445314407348633,0.003172986641111831,0.008138100306193033,0.00627767516018743,0.5,1e-05,"OrderedDict([('reg_param', 0.5), ('tol', 1e-05)])",-0.4503624800017876,-1.0906408409405313,-0.4520323890341009,-0.6643452366588066,0.3014372834952401,1,-0.42694450843623727,-0.7872413481632303,-0.43340813023315444,-0.549197995610874,0.16834275129916237,5
41,0.006685892740885417,0.0017786157496468792,0.002386887868245443,0.0006438145268264751,0.5,1e-06,"OrderedDict([('reg_param', 0.5), ('tol', 1e-06)])",-0.4503624800017876,-1.0906408409405313,-0.4520323890341009,-0.6643452366588066,0.3014372834952401,1,-0.42694450843623727,-0.7872413481632303,-0.43340813023315444,-0.549197995610874,0.16834275129916237,5
42,0.006518840789794922,0.0021092259143626504,0.0031903584798177085,0.0017098796330333834,0.5,1e-07,"OrderedDict([('reg_param', 0.5), ('tol', 1e-07)])",-0.4503624800017876,-1.0906408409405313,-0.4520323890341009,-0.6643452366588066,0.3014372834952401,1,-0.42694450843623727,-0.7872413481632303,-0.43340813023315444,-0.549197995610874,0.16834275129916237,5
43,0.007363319396972656,0.001996675655795336,0.00460354487101237,0.0024371879468528127,0.5,1e-06,"OrderedDict([('reg_param', 0.5), ('tol', 1e-06)])",-0.4503624800017876,-1.0906408409405313,-0.4520323890341009,-0.6643452366588066,0.3014372834952401,1,-0.42694450843623727,-0.7872413481632303,-0.43340813023315444,-0.549197995610874,0.16834275129916237,5
44,0.002323786417643229,0.00010847850304085616,0.0074396928151448565,0.0044214895703252755,0.5,1e-05,"OrderedDict([('reg_param', 0.5), ('tol', 1e-05)])",-0.4503624800017876,-1.0906408409405313,-0.4520323890341009,-0.6643452366588066,0.3014372834952401,1,-0.42694450843623727,-0.7872413481632303,-0.43340813023315444,-0.549197995610874,0.16834275129916237,5
45,0.005736351013183594,0.003913429274184483,0.003081242243448893,0.0010690600172885492,0.5,1e-06,"OrderedDict([('reg_param', 0.5), ('tol', 1e-06)])",-0.4503624800017876,-1.0906408409405313,-0.4520323890341009,-0.6643452366588066,0.3014372834952401,1,-0.42694450843623727,-0.7872413481632303,-0.43340813023315444,-0.549197995610874,0.16834275129916237,5
46,0.005814790725708008,0.0010030553261527865,0.003129084904988607,0.00267965605237481,0.5,1e-05,"OrderedDict([('reg_param', 0.5), ('tol', 1e-05)])",-0.4503624800017876,-1.0906408409405313,-0.4520323890341009,-0.6643452366588066,0.3014372834952401,1,-0.42694450843623727,-0.7872413481632303,-0.43340813023315444,-0.549197995610874,0.16834275129916237,5
47,0.003814061482747396,0.0021702536852651146,0.00618751843770345,0.001349338120481645,0.5,1e-07,"OrderedDict([('reg_param', 0.5), ('tol', 1e-07)])",-0.4503624800017876,-1.0906408409405313,-0.4520323890341009,-0.6643452366588066,0.3014372834952401,1,-0.42694450843623727,-0.7872413481632303,-0.43340813023315444,-0.549197995610874,0.16834275129916237,5
48,0.007878383000691732,0.0014575520023225993,0.008240381876627604,0.0019048799824413515,0.5,1e-07,"OrderedDict([('reg_param', 0.5), ('tol', 1e-07)])",-0.4503624800017876,-1.0906408409405313,-0.4520323890341009,-0.6643452366588066,0.3014372834952401,1,-0.42694450843623727,-0.7872413481632303,-0.43340813023315444,-0.549197995610874,0.16834275129916237,5
49,0.00716853141784668,0.005163348026292924,0.005110899607340495,0.0018730170992763248,0.5,1e-05,"OrderedDict([('reg_param', 0.5), ('tol', 1e-05)])",-0.4503624800017876,-1.0906408409405313,-0.4520323890341009,-0.6643452366588066,0.3014372834952401,1,-0.42694450843623727,-0.7872413481632303,-0.43340813023315444,-0.549197995610874,0.16834275129916237,5
50,0.0023794174194335938,8.833228708757928e-05,0.0064678192138671875,0.0013384171935601156,0.5,1e-06,"OrderedDict([('reg_param', 0.5), ('tol', 1e-06)])",-0.4503624800017876,-1.0906408409405313,-0.4520323890341009,-0.6643452366588066,0.3014372834952401,1,-0.42694450843623727,-0.7872413481632303,-0.43340813023315444,-0.549197995610874,0.16834275129916237,5
51,0.011473496754964193,0.0028096859950223615,0.003323793411254883,0.0027821980516394076,0.5,1e-06,"OrderedDict([('reg_param', 0.5), ('tol', 1e-06)])",-0.4503624800017876,-1.0906408409405313,-0.4520323890341009,-0.6643452366588066,0.3014372834952401,1,-0.42694450843623727,-0.7872413481632303,-0.43340813023315444,-0.549197995610874,0.16834275129916237,5
52,0.008178790410359701,0.0055066931589760875,0.0023036797841389975,0.0006282579534448586,0.5,1e-05,"OrderedDict([('reg_param', 0.5), ('tol', 1e-05)])",-0.4503624800017876,-1.0906408409405313,-0.4520323890341009,-0.6643452366588066,0.3014372834952401,1,-0.42694450843623727,-0.7872413481632303,-0.43340813023315444,-0.549197995610874,0.16834275129916237,5
53,0.0023969014485677085,8.199781517083305e-05,0.0016153653462727864,0.00016483977715728691,0.5,1e-07,"OrderedDict([('reg_param', 0.5), ('tol', 1e-07)])",-0.4503624800017876,-1.0906408409405313,-0.4520323890341009,-0.6643452366588066,0.3014372834952401,1,-0.42694450843623727,-0.7872413481632303,-0.43340813023315444,-0.549197995610874,0.16834275129916237,5
54,0.00735926628112793,0.0037198746722308658,0.002568324406941732,0.0012151039990161234,0.5,1e-05,"OrderedDict([('reg_param', 0.5), ('tol', 1e-05)])",-0.4503624800017876,-1.0906408409405313,-0.4520323890341009,-0.6643452366588066,0.3014372834952401,1,-0.42694450843623727,-0.7872413481632303,-0.43340813023315444,-0.549197995610874,0.16834275129916237,5
55,0.010233163833618164,0.0058575301217222145,0.004991213480631511,0.0037232594044701844,0.5,1e-06,"OrderedDict([('reg_param', 0.5), ('tol', 1e-06)])",-0.4503624800017876,-1.0906408409405313,-0.4520323890341009,-0.6643452366588066,0.3014372834952401,1,-0.42694450843623727,-0.7872413481632303,-0.43340813023315444,-0.549197995610874,0.16834275129916237,5
56,0.002590735753377279,0.0002116560255236337,0.0013492107391357422,3.970128730639674e-05,0.5,1e-07,"OrderedDict([('reg_param', 0.5), ('tol', 1e-07)])",-0.4503624800017876,-1.0906408409405313,-0.4520323890341009,-0.6643452366588066,0.3014372834952401,1,-0.42694450843623727,-0.7872413481632303,-0.43340813023315444,-0.549197995610874,0.16834275129916237,5
57,0.0022269884745279946,6.946055238722566e-05,0.0012564659118652344,5.331876742460673e-05,0.5,1e-05,"OrderedDict([('reg_param', 0.5), ('tol', 1e-05)])",-0.4503624800017876,-1.0906408409405313,-0.4520323890341009,-0.6643452366588066,0.3014372834952401,1,-0.42694450843623727,-0.7872413481632303,-0.43340813023315444,-0.549197995610874,0.16834275129916237,5
58,0.009493827819824219,0.0051535764037047675,0.0019115606943766277,0.0006063611601967079,0.5,1e-06,"OrderedDict([('reg_param', 0.5), ('tol', 1e-06)])",-0.4503624800017876,-1.0906408409405313,-0.4520323890341009,-0.6643452366588066,0.3014372834952401,1,-0.42694450843623727,-0.7872413481632303,-0.43340813023315444,-0.549197995610874,0.16834275129916237,5
59,0.002638737360636393,0.00036742267030799504,0.001428047815958659,0.00010037777693798539,0.5,1e-07,"OrderedDict([('reg_param', 0.5), ('tol', 1e-07)])",-0.4503624800017876,-1.0906408409405313,-0.4520323890341009,-0.6643452366588066,0.3014372834952401,1,-0.42694450843623727,-0.7872413481632303,-0.43340813023315444,-0.549197995610874,0.16834275129916237,5
60,0.0023862520853678384,9.093730371932747e-05,0.0014507770538330078,6.0198999450379624e-05,0.5,1e-07,"OrderedDict([('reg_param', 0.5), ('tol', 1e-07)])",-0.4503624800017876,-1.0906408409405313,-0.4520323890341009,-0.6643452366588066,0.3014372834952401,1,-0.42694450843623727,-0.7872413481632303,-0.43340813023315444,-0.549197995610874,0.16834275129916237,5
61,0.002603769302368164,0.0004755690321865903,0.0017628669738769531,0.00010558901837636072,0.5,1e-05,"OrderedDict([('reg_param', 0.5), ('tol', 1e-05)])",-0.4503624800017876,-1.0906408409405313,-0.4520323890341009,-0.6643452366588066,0.3014372834952401,1,-0.42694450843623727,-0.7872413481632303,-0.43340813023315444,-0.549197995610874,0.16834275129916237,5
62,0.0027933120727539062,0.0005808770098489742,0.0015137195587158203,0.00013467435256339015,0.5,1e-06,"OrderedDict([('reg_param', 0.5), ('tol', 1e-06)])",-0.4503624800017876,-1.0906408409405313,-0.4520323890341009,-0.6643452366588066,0.3014372834952401,1,-0.42694450843623727,-0.7872413481632303,-0.43340813023315444,-0.549197995610874,0.16834275129916237,5
63,0.0025949478149414062,0.0003700193362830612,0.0020293394724527993,0.0002379349996613409,0.5,1e-06,"OrderedDict([('reg_param', 0.5), ('tol', 1e-06)])",-0.4503624800017876,-1.0906408409405313,-0.4520323890341009,-0.6643452366588066,0.3014372834952401,1,-0.42694450843623727,-0.7872413481632303,-0.43340813023315444,-0.549197995610874,0.16834275129916237,5
64,0.003138939539591471,9.643598458251795e-05,0.0018331209818522136,5.170123364467713e-05,0.5,1e-07,"OrderedDict([('reg_param', 0.5), ('tol', 1e-07)])",-0.4503624800017876,-1.0906408409405313,-0.4520323890341009,-0.6643452366588066,0.3014372834952401,1,-0.42694450843623727,-0.7872413481632303,-0.43340813023315444,-0.549197995610874,0.16834275129916237,5
65,0.002247889836629232,4.849707136163637e-05,0.0013254483540852864,8.0988498187131e-05,0.5,1e-05,"OrderedDict([('reg_param', 0.5), ('tol', 1e-05)])",-0.4503624800017876,-1.0906408409405313,-0.4520323890341009,-0.6643452366588066,0.3014372834952401,1,-0.42694450843623727,-0.7872413481632303,-0.43340813023315444,-0.549197995610874,0.16834275129916237,5
66,0.0028831164042154946,0.0001749462110292279,0.002618710199991862,0.00028726001347434063,0.5,1e-06,"OrderedDict([('reg_param', 0.5), ('tol', 1e-06)])",-0.4503624800017876,-1.0906408409405313,-0.4520323890341009,-0.6643452366588066,0.3014372834952401,1,-0.42694450843623727,-0.7872413481632303,-0.43340813023315444,-0.549197995610874,0.16834275129916237,5
67,0.0037520726521809897,0.00034706421124325483,0.0028012593587239585,0.0017295680885032565,0.5,1e-05,"OrderedDict([('reg_param', 0.5), ('tol', 1e-05)])",-0.4503624800017876,-1.0906408409405313,-0.4520323890341009,-0.6643452366588066,0.3014372834952401,1,-0.42694450843623727,-0.7872413481632303,-0.43340813023315444,-0.549197995610874,0.16834275129916237,5
68,0.004344065984090169,3.4623179293937624e-05,0.002152601877848307,0.00034130274463644656,0.5,1e-07,"OrderedDict([('reg_param', 0.5), ('tol', 1e-07)])",-0.4503624800017876,-1.0906408409405313,-0.4520323890341009,-0.6643452366588066,0.3014372834952401,1,-0.42694450843623727,-0.7872413481632303,-0.43340813023315444,-0.549197995610874,0.16834275129916237,5
69,0.0023126602172851562,7.957539301980413e-05,0.0012656052907307942,4.024372530520038e-05,0.5,1e-06,"OrderedDict([('reg_param', 0.5), ('tol', 1e-06)])",-0.4503624800017876,-1.0906408409405313,-0.4520323890341009,-0.6643452366588066,0.3014372834952401,1,-0.42694450843623727,-0.7872413481632303,-0.43340813023315444,-0.549197995610874,0.16834275129916237,5
70,0.002671400705973307,5.7271541646700725e-05,0.0022815863291422525,0.00043881172475311706,0.5,1e-07,"OrderedDict([('reg_param', 0.5), ('tol', 1e-07)])",-0.4503624800017876,-1.0906408409405313,-0.4520323890341009,-0.6643452366588066,0.3014372834952401,1,-0.42694450843623727,-0.7872413481632303,-0.43340813023315444,-0.549197995610874,0.16834275129916237,5
71,0.00284425417582194,0.00028079577699545753,0.001652081807454427,0.00020294265763857148,0.5,1e-05,"OrderedDict([('reg_param', 0.5), ('tol', 1e-05)])",-0.4503624800017876,-1.0906408409405313,-0.4520323890341009,-0.6643452366588066,0.3014372834952401,1,-0.42694450843623727,-0.7872413481632303,-0.43340813023315444,-0.549197995610874,0.16834275129916237,5
72,0.002272923787434896,8.939993795384178e-05,0.001222054163614909,2.2481690700847855e-05,0.5,1e-06,"OrderedDict([('reg_param', 0.5), ('tol', 1e-06)])",-0.4503624800017876,-1.0906408409405313,-0.4520323890341009,-0.6643452366588066,0.3014372834952401,1,-0.42694450843623727,-0.7872413481632303,-0.43340813023315444,-0.549197995610874,0.16834275129916237,5
73,0.0026144186655680337,0.000240524081420696,0.0012989044189453125,3.614905819499076e-05,0.5,1e-07,"OrderedDict([('reg_param', 0.5), ('tol', 1e-07)])",-0.4503624800017876,-1.0906408409405313,-0.4520323890341009,-0.6643452366588066,0.3014372834952401,1,-0.42694450843623727,-0.7872413481632303,-0.43340813023315444,-0.549197995610874,0.16834275129916237,5
74,0.003909667332967122,0.00013254076497087704,0.0024811426798502603,0.00034365926325117873,0.5,1e-05,"OrderedDict([('reg_param', 0.5), ('tol', 1e-05)])",-0.4503624800017876,-1.0906408409405313,-0.4520323890341009,-0.6643452366588066,0.3014372834952401,1,-0.42694450843623727,-0.7872413481632303,-0.43340813023315444,-0.549197995610874,0.16834275129916237,5
75,0.0029975573221842446,0.00010125472350108726,0.0017867883046468098,0.00016464655327136338,0.1,1e-05,"OrderedDict([('reg_param', 0.1), ('tol', 1e-05)])",-0.529168794601714,-1.2720555031512786,-0.5319125902070613,-0.7777122959866846,0.34955522878453554,143,-0.3654666724288536,-0.9027277943013237,-0.3261467829850747,-0.5314470832384174,0.26302539577260187,1
76,0.003965139389038086,0.0003146086506938135,0.0018295447031656902,9.863430374005575e-05,0.5,1e-05,"OrderedDict([('reg_param', 0.5), ('tol', 1e-05)])",-0.4503624800017876,-1.0906408409405313,-0.4520323890341009,-0.6643452366588066,0.3014372834952401,1,-0.42694450843623727,-0.7872413481632303,-0.43340813023315444,-0.549197995610874,0.16834275129916237,5
77,0.0026237964630126953,7.317961728848613e-05,0.0013435681660970051,4.4033845446719655e-05,0.5,1e-07,"OrderedDict([('reg_param', 0.5), ('tol', 1e-07)])",-0.4503624800017876,-1.0906408409405313,-0.4520323890341009,-0.6643452366588066,0.3014372834952401,1,-0.42694450843623727,-0.7872413481632303,-0.43340813023315444,-0.549197995610874,0.16834275129916237,5
78,0.002940098444620768,0.00014056459750506878,0.001535495122273763,0.00011018349539965951,0.5,1e-06,"OrderedDict([('reg_param', 0.5), ('tol', 1e-06)])",-0.4503624800017876,-1.0906408409405313,-0.4520323890341009,-0.6643452366588066,0.3014372834952401,1,-0.42694450843623727,-0.7872413481632303,-0.43340813023315444,-0.549197995610874,0.16834275129916237,5
79,0.0024917125701904297,0.00014568916432811918,0.0013968149820963542,1.938909767378741e-05,0.5,1e-06,"OrderedDict([('reg_param', 0.5), ('tol', 1e-06)])",-0.4503624800017876,-1.0906408409405313,-0.4520323890341009,-0.6643452366588066,0.3014372834952401,1,-0.42694450843623727,-0.7872413481632303,-0.43340813023315444,-0.549197995610874,0.16834275129916237,5
80,0.0032425721486409507,0.00025145210297460225,0.0015773773193359375,6.193745758487517e-05,0.5,1e-07,"OrderedDict([('reg_param', 0.5), ('tol', 1e-07)])",-0.4503624800017876,-1.0906408409405313,-0.4520323890341009,-0.6643452366588066,0.3014372834952401,1,-0.42694450843623727,-0.7872413481632303,-0.43340813023315444,-0.549197995610874,0.16834275129916237,5
81,0.002716223398844401,0.0001878279798359534,0.0016431808471679688,0.0003489008612797639,0.5,1e-05,"OrderedDict([('reg_param', 0.5), ('tol', 1e-05)])",-0.4503624800017876,-1.0906408409405313,-0.4520323890341009,-0.6643452366588066,0.3014372834952401,1,-0.42694450843623727,-0.7872413481632303,-0.43340813023315444,-0.549197995610874,0.16834275129916237,5
82,0.002630949020385742,7.427724111591857e-05,0.0015369256337483723,0.0001280705565589503,0.5,1e-05,"OrderedDict([('reg_param', 0.5), ('tol', 1e-05)])",-0.4503624800017876,-1.0906408409405313,-0.4520323890341009,-0.6643452366588066,0.3014372834952401,1,-0.42694450843623727,-0.7872413481632303,-0.43340813023315444,-0.549197995610874,0.16834275129916237,5
83,0.003083388010660807,0.0004732293629074555,0.0017407735188802083,0.0002051865192035447,0.5,1e-07,"OrderedDict([('reg_param', 0.5), ('tol', 1e-07)])",-0.4503624800017876,-1.0906408409405313,-0.4520323890341009,-0.6643452366588066,0.3014372834952401,1,-0.42694450843623727,-0.7872413481632303,-0.43340813023315444,-0.549197995610874,0.16834275129916237,5
84,0.0033853848775227866,0.0001472987380711927,0.0019533634185791016,0.00021238380912252193,0.5,1e-06,"OrderedDict([('reg_param', 0.5), ('tol', 1e-06)])",-0.4503624800017876,-1.0906408409405313,-0.4520323890341009,-0.6643452366588066,0.3014372834952401,1,-0.42694450843623727,-0.7872413481632303,-0.43340813023315444,-0.549197995610874,0.16834275129916237,5
85,0.0027723312377929688,0.0002971063497210407,0.0015946229298909504,0.00029787952349476194,0.5,1e-07,"OrderedDict([('reg_param', 0.5), ('tol', 1e-07)])",-0.4503624800017876,-1.0906408409405313,-0.4520323890341009,-0.6643452366588066,0.3014372834952401,1,-0.42694450843623727,-0.7872413481632303,-0.43340813023315444,-0.549197995610874,0.16834275129916237,5
86,0.0025811195373535156,0.0002055262189514826,0.001457532246907552,0.00019352915798260498,0.5,1e-05,"OrderedDict([('reg_param', 0.5), ('tol', 1e-05)])",-0.4503624800017876,-1.0906408409405313,-0.4520323890341009,-0.6643452366588066,0.3014372834952401,1,-0.42694450843623727,-0.7872413481632303,-0.43340813023315444,-0.549197995610874,0.16834275129916237,5
87,0.003521998723347982,0.0003213711665502587,0.0015390714009602864,8.876865847826871e-05,0.5,1e-06,"OrderedDict([('reg_param', 0.5), ('tol', 1e-06)])",-0.4503624800017876,-1.0906408409405313,-0.4520323890341009,-0.6643452366588066,0.3014372834952401,1,-0.42694450843623727,-0.7872413481632303,-0.43340813023315444,-0.549197995610874,0.16834275129916237,5
88,0.0034901301066080728,0.00035731473211946137,0.0017080307006835938,0.00015939811063988885,0.5,1e-05,"OrderedDict([('reg_param', 0.5), ('tol', 1e-05)])",-0.4503624800017876,-1.0906408409405313,-0.4520323890341009,-0.6643452366588066,0.3014372834952401,1,-0.42694450843623727,-0.7872413481632303,-0.43340813023315444,-0.549197995610874,0.16834275129916237,5
89,0.0034453868865966797,0.0003555271651856369,0.0015137990315755208,0.00011006666860384725,0.5,1e-07,"OrderedDict([('reg_param', 0.5), ('tol', 1e-07)])",-0.4503624800017876,-1.0906408409405313,-0.4520323890341009,-0.6643452366588066,0.3014372834952401,1,-0.42694450843623727,-0.7872413481632303,-0.43340813023315444,-0.549197995610874,0.16834275129916237,5
90,0.0035799344380696616,0.0002778226365259095,0.0017418861389160156,0.00031622034166246544,0.5,1e-06,"OrderedDict([('reg_param', 0.5), ('tol', 1e-06)])",-0.4503624800017876,-1.0906408409405313,-0.4520323890341009,-0.6643452366588066,0.3014372834952401,1,-0.42694450843623727,-0.7872413481632303,-0.43340813023315444,-0.549197995610874,0.16834275129916237,5
91,0.0026231606801350913,0.00016298443959916346,0.0014608701070149739,2.348661679544627e-05,0.5,1e-05,"OrderedDict([('reg_param', 0.5), ('tol', 1e-05)])",-0.4503624800017876,-1.0906408409405313,-0.4520323890341009,-0.6643452366588066,0.3014372834952401,1,-0.42694450843623727,-0.7872413481632303,-0.43340813023315444,-0.549197995610874,0.16834275129916237,5
92,0.0025270779927571616,0.00014441716573611394,0.0013374487559000652,3.496354247325092e-05,0.5,1e-06,"OrderedDict([('reg_param', 0.5), ('tol', 1e-06)])",-0.4503624800017876,-1.0906408409405313,-0.4520323890341009,-0.6643452366588066,0.3014372834952401,1,-0.42694450843623727,-0.7872413481632303,-0.43340813023315444,-0.549197995610874,0.16834275129916237,5
93,0.0028134981791178384,0.00016770283689779958,0.0014650026957194011,1.6486356942959474e-05,0.1,1e-07,"OrderedDict([('reg_param', 0.1), ('tol', 1e-07)])",-0.529168794601714,-1.2720555031512786,-0.5319125902070613,-0.7777122959866846,0.34955522878453554,143,-0.3654666724288536,-0.9027277943013237,-0.3261467829850747,-0.5314470832384174,0.26302539577260187,1
94,0.003583987553914388,0.00028548918922850867,0.0018540223439534504,0.0003299766154527856,0.5,1e-07,"OrderedDict([('reg_param', 0.5), ('tol', 1e-07)])",-0.4503624800017876,-1.0906408409405313,-0.4520323890341009,-0.6643452366588066,0.3014372834952401,1,-0.42694450843623727,-0.7872413481632303,-0.43340813023315444,-0.549197995610874,0.16834275129916237,5
95,0.0036470890045166016,0.00024271112840261664,0.0018442471822102864,0.00014578658734024335,0.5,1e-05,"OrderedDict([('reg_param', 0.5), ('tol', 1e-05)])",-0.4503624800017876,-1.0906408409405313,-0.4520323890341009,-0.6643452366588066,0.3014372834952401,1,-0.42694450843623727,-0.7872413481632303,-0.43340813023315444,-0.549197995610874,0.16834275129916237,5
96,0.0029682318369547525,0.00022972974194607895,0.001601854960123698,1.7430483581231757e-05,0.5,1e-05,"OrderedDict([('reg_param', 0.5), ('tol', 1e-05)])",-0.4503624800017876,-1.0906408409405313,-0.4520323890341009,-0.6643452366588066,0.3014372834952401,1,-0.42694450843623727,-0.7872413481632303,-0.43340813023315444,-0.549197995610874,0.16834275129916237,5
97,0.0038177967071533203,0.0011734429295267837,0.0024701754252115884,0.0006362298348067385,0.5,1e-06,"OrderedDict([('reg_param', 0.5), ('tol', 1e-06)])",-0.4503624800017876,-1.0906408409405313,-0.4520323890341009,-0.6643452366588066,0.3014372834952401,1,-0.42694450843623727,-0.7872413481632303,-0.43340813023315444,-0.549197995610874,0.16834275129916237,5
98,0.0026470820109049478,0.00020719021115735012,0.0013671716054280598,1.0275690171548837e-05,0.5,1e-07,"OrderedDict([('reg_param', 0.5), ('tol', 1e-07)])",-0.4503624800017876,-1.0906408409405313,-0.4520323890341009,-0.6643452366588066,0.3014372834952401,1,-0.42694450843623727,-0.7872413481632303,-0.43340813023315444,-0.549197995610874,0.16834275129916237,5
99,0.0034710566202799478,3.1266687535443124e-05,0.001671155293782552,0.00011254776804012293,0.5,1e-07,"OrderedDict([('reg_param', 0.5), ('tol', 1e-07)])",-0.4503624800017876,-1.0906408409405313,-0.4520323890341009,-0.6643452366588066,0.3014372834952401,1,-0.42694450843623727,-0.7872413481632303,-0.43340813023315444,-0.549197995610874,0.16834275129916237,5
100,0.002416213353474935,0.00011406883265285596,0.0013770262400309246,4.5364456049808175e-05,0.5,1e-07,"OrderedDict([('reg_param', 0.5), ('tol', 1e-07)])",-0.4503624800017876,-1.0906408409405313,-0.4520323890341009,-0.6643452366588066,0.3014372834952401,1,-0.42694450843623727,-0.7872413481632303,-0.43340813023315444,-0.549197995610874,0.16834275129916237,5
101,0.00243528683980306,4.805788946869689e-05,0.0015800793965657551,0.00011167297076791213,0.5,1e-05,"OrderedDict([('reg_param', 0.5), ('tol', 1e-05)])",-0.4503624800017876,-1.0906408409405313,-0.4520323890341009,-0.6643452366588066,0.3014372834952401,1,-0.42694450843623727,-0.7872413481632303,-0.43340813023315444,-0.549197995610874,0.16834275129916237,5
102,0.0032188097635904946,0.00021927997871164175,0.0019286473592122395,6.89966323426427e-05,0.5,1e-06,"OrderedDict([('reg_param', 0.5), ('tol', 1e-06)])",-0.4503624800017876,-1.0906408409405313,-0.4520323890341009,-0.6643452366588066,0.3014372834952401,1,-0.42694450843623727,-0.7872413481632303,-0.43340813023315444,-0.549197995610874,0.16834275129916237,5
103,0.00281524658203125,7.918967018706995e-05,0.0015559991200764973,0.00013333850202638855,0.5,1e-05,"OrderedDict([('reg_param', 0.5), ('tol', 1e-05)])",-0.4503624800017876,-1.0906408409405313,-0.4520323890341009,-0.6643452366588066,0.3014372834952401,1,-0.42694450843623727,-0.7872413481632303,-0.43340813023315444,-0.549197995610874,0.16834275129916237,5
104,0.002604961395263672,0.00015101152497141247,0.0013817151387532551,2.7604666444394437e-05,0.5,1e-06,"OrderedDict([('reg_param', 0.5), ('tol', 1e-06)])",-0.4503624800017876,-1.0906408409405313,-0.4520323890341009,-0.6643452366588066,0.3014372834952401,1,-0.42694450843623727,-0.7872413481632303,-0.43340813023315444,-0.549197995610874,0.16834275129916237,5
105,0.0033129056294759116,0.00020730010642964255,0.0015840530395507812,4.7221727315763775e-05,0.5,1e-07,"OrderedDict([('reg_param', 0.5), ('tol', 1e-07)])",-0.4503624800017876,-1.0906408409405313,-0.4520323890341009,-0.6643452366588066,0.3014372834952401,1,-0.42694450843623727,-0.7872413481632303,-0.43340813023315444,-0.549197995610874,0.16834275129916237,5
106,0.004383246103922526,0.0001550086703662793,0.002312262852986654,0.00017182712294454473,0.5,1e-05,"OrderedDict([('reg_param', 0.5), ('tol', 1e-05)])",-0.4503624800017876,-1.0906408409405313,-0.4520323890341009,-0.6643452366588066,0.3014372834952401,1,-0.42694450843623727,-0.7872413481632303,-0.43340813023315444,-0.549197995610874,0.16834275129916237,5
107,0.0090635617574056,0.00012768115674395791,0.00440065066019694,0.0012868493645756547,0.5,1e-06,"OrderedDict([('reg_param', 0.5), ('tol', 1e-06)])",-0.4503624800017876,-1.0906408409405313,-0.4520323890341009,-0.6643452366588066,0.3014372834952401,1,-0.42694450843623727,-0.7872413481632303,-0.43340813023315444,-0.549197995610874,0.16834275129916237,5
108,0.005881150563557942,0.0016274280750861597,0.003056128819783529,0.00037323824236518724,0.5,1e-06,"OrderedDict([('reg_param', 0.5), ('tol', 1e-06)])",-0.4503624800017876,-1.0906408409405313,-0.4520323890341009,-0.6643452366588066,0.3014372834952401,1,-0.42694450843623727,-0.7872413481632303,-0.43340813023315444,-0.549197995610874,0.16834275129916237,5
109,0.0033631324768066406,0.0004614162751573436,0.0018579165140787761,0.0002006291359369605,0.5,1e-07,"OrderedDict([('reg_param', 0.5), ('tol', 1e-07)])",-0.4503624800017876,-1.0906408409405313,-0.4520323890341009,-0.6643452366588066,0.3014372834952401,1,-0.42694450843623727,-0.7872413481632303,-0.43340813023315444,-0.549197995610874,0.16834275129916237,5
110,0.0037155946095784507,0.00031061407787891997,0.0027251243591308594,0.00015121841301553996,0.5,1e-07,"OrderedDict([('reg_param', 0.5), ('tol', 1e-07)])",-0.4503624800017876,-1.0906408409405313,-0.4520323890341009,-0.6643452366588066,0.3014372834952401,1,-0.42694450843623727,-0.7872413481632303,-0.43340813023315444,-0.549197995610874,0.16834275129916237,5
111,0.004269599914550781,0.00170648155313434,0.004250367482503255,0.00346029583412518,0.5,1e-06,"OrderedDict([('reg_param', 0.5), ('tol', 1e-06)])",-0.4503624800017876,-1.0906408409405313,-0.4520323890341009,-0.6643452366588066,0.3014372834952401,1,-0.42694450843623727,-0.7872413481632303,-0.43340813023315444,-0.549197995610874,0.16834275129916237,5
112,0.004012664159138997,0.0004058883029564051,0.0019698143005371094,5.783538739437958e-05,0.5,1e-07,"OrderedDict([('reg_param', 0.5), ('tol', 1e-07)])",-0.4503624800017876,-1.0906408409405313,-0.4520323890341009,-0.6643452366588066,0.3014372834952401,1,-0.42694450843623727,-0.7872413481632303,-0.43340813023315444,-0.549197995610874,0.16834275129916237,5
113,0.0024040540059407554,0.00012470033715535273,0.001344919204711914,2.5106129210637252e-05,0.5,1e-05,"OrderedDict([('reg_param', 0.5), ('tol', 1e-05)])",-0.4503624800017876,-1.0906408409405313,-0.4520323890341009,-0.6643452366588066,0.3014372834952401,1,-0.42694450843623727,-0.7872413481632303,-0.43340813023315444,-0.549197995610874,0.16834275129916237,5
114,0.002550363540649414,3.7101485565046134e-05,0.001321872075398763,2.163997958516122e-05,0.5,1e-06,"OrderedDict([('reg_param', 0.5), ('tol', 1e-06)])",-0.4503624800017876,-1.0906408409405313,-0.4520323890341009,-0.6643452366588066,0.3014372834952401,1,-0.42694450843623727,-0.7872413481632303,-0.43340813023315444,-0.549197995610874,0.16834275129916237,5
115,0.0023156007130940757,5.548218850447846e-05,0.001462697982788086,7.027836703844549e-05,0.5,1e-07,"OrderedDict([('reg_param', 0.5), ('tol', 1e-07)])",-0.4503624800017876,-1.0906408409405313,-0.4520323890341009,-0.6643452366588066,0.3014372834952401,1,-0.42694450843623727,-0.7872413481632303,-0.43340813023315444,-0.549197995610874,0.16834275129916237,5
116,0.002444664637247721,0.00024055551145772276,0.0015571912129720051,0.0002900162073588387,0.5,1e-05,"OrderedDict([('reg_param', 0.5), ('tol', 1e-05)])",-0.4503624800017876,-1.0906408409405313,-0.4520323890341009,-0.6643452366588066,0.3014372834952401,1,-0.42694450843623727,-0.7872413481632303,-0.43340813023315444,-0.549197995610874,0.16834275129916237,5
117,0.002210378646850586,5.2832538604099754e-05,0.0012209415435791016,2.74675035402422e-05,0.5,1e-07,"OrderedDict([('reg_param', 0.5), ('tol', 1e-07)])",-0.4503624800017876,-1.0906408409405313,-0.4520323890341009,-0.6643452366588066,0.3014372834952401,1,-0.42694450843623727,-0.7872413481632303,-0.43340813023315444,-0.549197995610874,0.16834275129916237,5
118,0.003145933151245117,0.0011885840432858351,0.0015567938486735027,0.00028858211690589464,0.5,1e-05,"OrderedDict([('reg_param', 0.5), ('tol', 1e-05)])",-0.4503624800017876,-1.0906408409405313,-0.4520323890341009,-0.6643452366588066,0.3014372834952401,1,-0.42694450843623727,-0.7872413481632303,-0.43340813023315444,-0.549197995610874,0.16834275129916237,5
119,0.002366781234741211,7.771933720115722e-05,0.0012249946594238281,1.257229493949375e-05,0.5,1e-07,"OrderedDict([('reg_param', 0.5), ('tol', 1e-07)])",-0.4503624800017876,-1.0906408409405313,-0.4520323890341009,-0.6643452366588066,0.3014372834952401,1,-0.42694450843623727,-0.7872413481632303,-0.43340813023315444,-0.549197995610874,0.16834275129916237,5
120,0.0023055076599121094,5.864903206452102e-05,0.0013899803161621094,4.1742093509239104e-05,0.5,1e-06,"OrderedDict([('reg_param', 0.5), ('tol', 1e-06)])",-0.4503624800017876,-1.0906408409405313,-0.4520323890341009,-0.6643452366588066,0.3014372834952401,1,-0.42694450843623727,-0.7872413481632303,-0.43340813023315444,-0.549197995610874,0.16834275129916237,5
121,0.0025652249654134116,0.00010619316843188968,0.001535177230834961,0.00014134596080462664,0.5,1e-06,"OrderedDict([('reg_param', 0.5), ('tol', 1e-06)])",-0.4503624800017876,-1.0906408409405313,-0.4520323890341009,-0.6643452366588066,0.3014372834952401,1,-0.42694450843623727,-0.7872413481632303,-0.43340813023315444,-0.549197995610874,0.16834275129916237,5
122,0.0027000904083251953,0.00012418121964098862,0.001542488733927409,2.3211517740845735e-05,0.5,1e-06,"OrderedDict([('reg_param', 0.5), ('tol', 1e-06)])",-0.4503624800017876,-1.0906408409405313,-0.4520323890341009,-0.6643452366588066,0.3014372834952401,1,-0.42694450843623727,-0.7872413481632303,-0.43340813023315444,-0.549197995610874,0.16834275129916237,5
123,0.003747145334879557,0.00017516409626859708,0.0018990834554036458,0.0003954045607525346,0.5,1e-07,"OrderedDict([('reg_param', 0.5), ('tol', 1e-07)])",-0.4503624800017876,-1.0906408409405313,-0.4520323890341009,-0.6643452366588066,0.3014372834952401,1,-0.42694450843623727,-0.7872413481632303,-0.43340813023315444,-0.549197995610874,0.16834275129916237,5
124,0.002919276555379232,0.00017580686335648733,0.0015895366668701172,5.508380803434693e-05,0.5,1e-05,"OrderedDict([('reg_param', 0.5), ('tol', 1e-05)])",-0.4503624800017876,-1.0906408409405313,-0.4520323890341009,-0.6643452366588066,0.3014372834952401,1,-0.42694450843623727,-0.7872413481632303,-0.43340813023315444,-0.549197995610874,0.16834275129916237,5
125,0.0034739176432291665,0.0003571088167794106,0.001745462417602539,0.0001874841401734302,0.5,1e-05,"OrderedDict([('reg_param', 0.5), ('tol', 1e-05)])",-0.4503624800017876,-1.0906408409405313,-0.4520323890341009,-0.6643452366588066,0.3014372834952401,1,-0.42694450843623727,-0.7872413481632303,-0.43340813023315444,-0.549197995610874,0.16834275129916237,5
126,0.002613067626953125,0.00014961913560003126,0.0016682942708333333,0.00011399638632738779,0.5,1e-05,"OrderedDict([('reg_param', 0.5), ('tol', 1e-05)])",-0.4503624800017876,-1.0906408409405313,-0.4520323890341009,-0.6643452366588066,0.3014372834952401,1,-0.42694450843623727,-0.7872413481632303,-0.43340813023315444,-0.549197995610874,0.16834275129916237,5
127,0.0033495426177978516,0.00024240334803160292,0.0018165906270345051,0.00012060812290047788,0.5,1e-06,"OrderedDict([('reg_param', 0.5), ('tol', 1e-06)])",-0.4503624800017876,-1.0906408409405313,-0.4520323890341009,-0.6643452366588066,0.3014372834952401,1,-0.42694450843623727,-0.7872413481632303,-0.43340813023315444,-0.549197995610874,0.16834275129916237,5
128,0.004195769627888997,0.00012382187796435883,0.002319812774658203,0.0002869982069880001,0.5,1e-06,"OrderedDict([('reg_param', 0.5), ('tol', 1e-06)])",-0.4503624800017876,-1.0906408409405313,-0.4520323890341009,-0.6643452366588066,0.3014372834952401,1,-0.42694450843623727,-0.7872413481632303,-0.43340813023315444,-0.549197995610874,0.16834275129916237,5
129,0.0026160875956217446,0.00010533791039875447,0.0015074412027994792,8.474393417537444e-05,0.5,1e-06,"OrderedDict([('reg_param', 0.5), ('tol', 1e-06)])",-0.4503624800017876,-1.0906408409405313,-0.4520323890341009,-0.6643452366588066,0.3014372834952401,1,-0.42694450843623727,-0.7872413481632303,-0.43340813023315444,-0.549197995610874,0.16834275129916237,5
130,0.0025260448455810547,0.0001600072303070099,0.0017714500427246094,0.00012059974382327479,0.5,1e-05,"OrderedDict([('reg_param', 0.5), ('tol', 1e-05)])",-0.4503624800017876,-1.0906408409405313,-0.4520323890341009,-0.6643452366588066,0.3014372834952401,1,-0.42694450843623727,-0.7872413481632303,-0.43340813023315444,-0.549197995610874,0.16834275129916237,5
131,0.002232074737548828,4.511763208567255e-05,0.001329501469930013,7.704040156431359e-05,0.5,1e-06,"OrderedDict([('reg_param', 0.5), ('tol', 1e-06)])",-0.4503624800017876,-1.0906408409405313,-0.4520323890341009,-0.6643452366588066,0.3014372834952401,1,-0.42694450843623727,-0.7872413481632303,-0.43340813023315444,-0.549197995610874,0.16834275129916237,5
132,0.002345005671183268,0.0001057540419895252,0.0013426939646402996,0.00016527324637200948,0.5,1e-06,"OrderedDict([('reg_param', 0.5), ('tol', 1e-06)])",-0.4503624800017876,-1.0906408409405313,-0.4520323890341009,-0.6643452366588066,0.3014372834952401,1,-0.42694450843623727,-0.7872413481632303,-0.43340813023315444,-0.549197995610874,0.16834275129916237,5
133,0.002789656321207682,0.0002485227765328461,0.0019019444783528645,0.00011346542547591367,0.5,1e-05,"OrderedDict([('reg_param', 0.5), ('tol', 1e-05)])",-0.4503624800017876,-1.0906408409405313,-0.4520323890341009,-0.6643452366588066,0.3014372834952401,1,-0.42694450843623727,-0.7872413481632303,-0.43340813023315444,-0.549197995610874,0.16834275129916237,5
134,0.01814723014831543,0.005824579573162509,0.00952442487080892,0.0023806250553178726,0.5,1e-05,"OrderedDict([('reg_param', 0.5), ('tol', 1e-05)])",-0.4503624800017876,-1.0906408409405313,-0.4520323890341009,-0.6643452366588066,0.3014372834952401,1,-0.42694450843623727,-0.7872413481632303,-0.43340813023315444,-0.549197995610874,0.16834275129916237,5
135,0.012173970540364584,0.002778646527215553,0.00803375244140625,0.002184099740609193,0.5,1e-07,"OrderedDict([('reg_param', 0.5), ('tol', 1e-07)])",-0.4503624800017876,-1.0906408409405313,-0.4520323890341009,-0.6643452366588066,0.3014372834952401,1,-0.42694450843623727,-0.7872413481632303,-0.43340813023315444,-0.549197995610874,0.16834275129916237,5
136,0.01062154769897461,0.00016957925432462353,0.004545768102010091,0.0005367495160525812,0.5,1e-07,"OrderedDict([('reg_param', 0.5), ('tol', 1e-07)])",-0.4503624800017876,-1.0906408409405313,-0.4520323890341009,-0.6643452366588066,0.3014372834952401,1,-0.42694450843623727,-0.7872413481632303,-0.43340813023315444,-0.549197995610874,0.16834275129916237,5
137,0.007553577423095703,0.0016578097547546174,0.004519303639729817,0.0015138407575895937,0.5,1e-07,"OrderedDict([('reg_param', 0.5), ('tol', 1e-07)])",-0.4503624800017876,-1.0906408409405313,-0.4520323890341009,-0.6643452366588066,0.3014372834952401,1,-0.42694450843623727,-0.7872413481632303,-0.43340813023315444,-0.549197995610874,0.16834275129916237,5
138,0.007342974344889323,0.0029725172020956996,0.0038569768269856772,0.001621114878996983,0.5,1e-07,"OrderedDict([('reg_param', 0.5), ('tol', 1e-07)])",-0.4503624800017876,-1.0906408409405313,-0.4520323890341009,-0.6643452366588066,0.3014372834952401,1,-0.42694450843623727,-0.7872413481632303,-0.43340813023315444,-0.549197995610874,0.16834275129916237,5
139,0.002866347630818685,0.00011549181253739172,0.0016775925954182942,0.00029053044963766174,0.5,1e-07,"OrderedDict([('reg_param', 0.5), ('tol', 1e-07)])",-0.4503624800017876,-1.0906408409405313,-0.4520323890341009,-0.6643452366588066,0.3014372834952401,1,-0.42694450843623727,-0.7872413481632303,-0.43340813023315444,-0.549197995610874,0.16834275129916237,5
140,0.003358046213785807,0.0003303189580915371,0.0018445650736490886,0.00035764536991388313,0.5,1e-06,"OrderedDict([('reg_param', 0.5), ('tol', 1e-06)])",-0.4503624800017876,-1.0906408409405313,-0.4520323890341009,-0.6643452366588066,0.3014372834952401,1,-0.42694450843623727,-0.7872413481632303,-0.43340813023315444,-0.549197995610874,0.16834275129916237,5
141,0.003409226735432943,0.00025468538282308247,0.0018479029337565105,0.00022717044133738012,0.5,1e-07,"OrderedDict([('reg_param', 0.5), ('tol', 1e-07)])",-0.4503624800017876,-1.0906408409405313,-0.4520323890341009,-0.6643452366588066,0.3014372834952401,1,-0.42694450843623727,-0.7872413481632303,-0.43340813023315444,-0.549197995610874,0.16834275129916237,5
142,0.011223077774047852,0.0026529052958665887,0.009759187698364258,0.003744310769615959,0.5,1e-05,"OrderedDict([('reg_param', 0.5), ('tol', 1e-05)])",-0.4503624800017876,-1.0906408409405313,-0.4520323890341009,-0.6643452366588066,0.3014372834952401,1,-0.42694450843623727,-0.7872413481632303,-0.43340813023315444,-0.549197995610874,0.16834275129916237,5
143,0.024059613545735676,0.001420960348029452,0.005600690841674805,0.0018892637628606858,0.5,1e-05,"OrderedDict([('reg_param', 0.5), ('tol', 1e-05)])",-0.4503624800017876,-1.0906408409405313,-0.4520323890341009,-0.6643452366588066,0.3014372834952401,1,-0.42694450843623727,-0.7872413481632303,-0.43340813023315444,-0.549197995610874,0.16834275129916237,5
144,0.010211547215779623,0.003756984205667876,0.0033866564432779946,0.00018909327405674031,0.5,1e-07,"OrderedDict([('reg_param', 0.5), ('tol', 1e-07)])",-0.4503624800017876,-1.0906408409405313,-0.4520323890341009,-0.6643452366588066,0.3014372834952401,1,-0.42694450843623727,-0.7872413481632303,-0.43340813023315444,-0.549197995610874,0.16834275129916237,5
145,0.006283998489379883,0.0016563723847871149,0.0033611456553141275,0.0004688416876523338,0.5,1e-06,"OrderedDict([('reg_param', 0.5), ('tol', 1e-06)])",-0.4503624800017876,-1.0906408409405313,-0.4520323890341009,-0.6643452366588066,0.3014372834952401,1,-0.42694450843623727,-0.7872413481632303,-0.43340813023315444,-0.549197995610874,0.16834275129916237,5
146,0.004185914993286133,0.0003338987863849882,0.0023686091105143228,0.00016005806321515187,0.5,1e-05,"OrderedDict([('reg_param', 0.5), ('tol', 1e-05)])",-0.4503624800017876,-1.0906408409405313,-0.4520323890341009,-0.6643452366588066,0.3014372834952401,1,-0.42694450843623727,-0.7872413481632303,-0.43340813023315444,-0.549197995610874,0.16834275129916237,5
147,0.0038150151570638022,0.0001469840173632334,0.0023517608642578125,0.00014674697437448662,0.5,1e-07,"OrderedDict([('reg_param', 0.5), ('tol', 1e-07)])",-0.4503624800017876,-1.0906408409405313,-0.4520323890341009,-0.6643452366588066,0.3014372834952401,1,-0.42694450843623727,-0.7872413481632303,-0.43340813023315444,-0.549197995610874,0.16834275129916237,5
148,0.002919276555379232,0.00024220772272192612,0.0015571912129720051,5.8785962046286134e-05,0.5,1e-07,"OrderedDict([('reg_param', 0.5), ('tol', 1e-07)])",-0.4503624800017876,-1.0906408409405313,-0.4520323890341009,-0.6643452366588066,0.3014372834952401,1,-0.42694450843623727,-0.7872413481632303,-0.43340813023315444,-0.549197995610874,0.16834275129916237,5
149,0.004722754160563151,0.002172872202300783,0.003811915715535482,0.0014387456728971039,0.5,1e-06,"OrderedDict([('reg_param', 0.5), ('tol', 1e-06)])",-0.4503624800017876,-1.0906408409405313,-0.4520323890341009,-0.6643452366588066,0.3014372834952401,1,-0.42694450843623727,-0.7872413481632303,-0.43340813023315444,-0.549197995610874,0.16834275129916237,5
