Trial #,SVC - accuracy,SVC - balanced accuracy,SVC - f1 score,SVC - jaccard score,GradientBoosting - accuracy,GradientBoosting - balanced accuracy,GradientBoosting - f1 score,GradientBoosting - jaccard score,GaussianNB - accuracy,GaussianNB - balanced accuracy,GaussianNB - f1 score,GaussianNB - jaccard score,DecisionTree - accuracy,DecisionTree - balanced accuracy,DecisionTree - f1 score,DecisionTree - jaccard score,KNeighbors - accuracy,KNeighbors - balanced accuracy,KNeighbors - f1 score,KNeighbors - jaccard score,AdaBoost - accuracy,AdaBoost - balanced accuracy,AdaBoost - f1 score,AdaBoost - jaccard score,RandomForest - accuracy,RandomForest - balanced accuracy,RandomForest - f1 score,RandomForest - jaccard score,MLP - accuracy,MLP - balanced accuracy,MLP - f1 score,MLP - jaccard score,QuadraticDiscriminantAnalysis - accuracy,QuadraticDiscriminantAnalysis - balanced accuracy,QuadraticDiscriminantAnalysis - f1 score,QuadraticDiscriminantAnalysis - jaccard score,CatBoost - accuracy,CatBoost - balanced accuracy,CatBoost - f1 score,CatBoost - jaccard score,ExtraTrees - accuracy,ExtraTrees - balanced accuracy,ExtraTrees - f1 score,ExtraTrees - jaccard score,Bagging - accuracy,Bagging - balanced accuracy,Bagging - f1 score,Bagging - jaccard score,Ridge - accuracy,Ridge - balanced accuracy,Ridge - f1 score,Ridge - jaccard score,PassiveAggressive - accuracy,PassiveAggressive - balanced accuracy,PassiveAggressive - f1 score,PassiveAggressive - jaccard score,SGDOneClassSVM - accuracy,SGDOneClassSVM - balanced accuracy,SGDOneClassSVM - f1 score,SGDOneClassSVM - jaccard score,Dummy - accuracy,Dummy - balanced accuracy,Dummy - f1 score,Dummy - jaccard score,HistGradientBoosting - accuracy,HistGradientBoosting - balanced accuracy,HistGradientBoosting - f1 score,HistGradientBoosting - jaccard score
0,0.9836065573770492,0.9888888888888889,0.9837628448790725,0.9681774349083896,1.0,1.0,1.0,1.0,1.0,1.0,1.0,1.0,1.0,1.0,1.0,1.0,0.8688524590163934,0.8605769230769231,0.8747445949156568,0.7843658326143227,1.0,1.0,1.0,1.0,0.7704918032786885,0.8793103448275862,0.8350691096110574,0.7299903567984571,1.0,1.0,1.0,1.0,1.0,1.0,1.0,1.0,1.0,1.0,1.0,1.0,1.0,1.0,1.0,1.0,1.0,1.0,1.0,1.0,1.0,1.0,1.0,1.0,1.0,1.0,1.0,1.0,0.6721311475409836,0.35344827586206895,0.7643844423015108,0.6390755173340499,0.7213114754098361,0.7213114754098361,0.8380952380952381,0.7213114754098361,1.0,1.0,1.0,1.0
1,0.9672131147540983,0.975,0.9675379265543198,0.9372772630078403,1.0,1.0,1.0,1.0,1.0,1.0,1.0,1.0,1.0,1.0,1.0,1.0,0.8852459016393442,0.9024547803617571,0.8887013095996171,0.8017883755588674,1.0,1.0,1.0,1.0,0.6229508196721312,0.6229508196721312,0.7676767676767677,0.6229508196721312,1.0,1.0,1.0,1.0,0.9836065573770492,0.9791666666666667,0.9835414486687594,0.9676445211389129,1.0,1.0,1.0,1.0,1.0,1.0,1.0,1.0,1.0,1.0,1.0,1.0,1.0,1.0,1.0,1.0,1.0,1.0,1.0,1.0,0.5901639344262295,0.3103448275862069,0.7131147540983607,0.5704918032786884,0.6229508196721312,0.6229508196721312,0.7676767676767677,0.6229508196721312,1.0,1.0,1.0,1.0
2,0.9836065573770492,0.9888888888888889,0.9837628448790725,0.9681774349083896,1.0,1.0,1.0,1.0,1.0,1.0,1.0,1.0,1.0,1.0,1.0,1.0,0.9016393442622951,0.8898550724637682,0.9036202185792349,0.8280845556514237,1.0,1.0,1.0,1.0,0.819672131147541,0.8431603773584906,0.843765421666385,0.7428658166363085,1.0,1.0,1.0,1.0,1.0,1.0,1.0,1.0,1.0,1.0,1.0,1.0,1.0,1.0,1.0,1.0,1.0,1.0,1.0,1.0,1.0,1.0,1.0,1.0,1.0,1.0,1.0,1.0,0.6065573770491803,0.40217391304347827,0.6200364298724954,0.5264460253634394,0.7213114754098361,0.7213114754098361,0.8380952380952381,0.7213114754098361,1.0,1.0,1.0,1.0
3,1.0,1.0,1.0,1.0,1.0,1.0,1.0,1.0,1.0,1.0,1.0,1.0,1.0,1.0,1.0,1.0,0.8524590163934426,0.830749354005168,0.8535849253303448,0.7495488391137531,1.0,1.0,1.0,1.0,0.7704918032786885,0.875,0.8210382513661203,0.7100949094046592,1.0,1.0,1.0,1.0,0.9836065573770492,0.975,0.9834951407141806,0.9676034348165496,1.0,1.0,1.0,1.0,1.0,1.0,1.0,1.0,1.0,1.0,1.0,1.0,1.0,1.0,1.0,1.0,1.0,1.0,1.0,1.0,0.4918032786885246,0.3333333333333333,0.5087620124364047,0.3882657463330457,0.6885245901639344,0.6885245901639344,0.8155339805825244,0.6885245901639344,1.0,1.0,1.0,1.0
4,0.9672131147540983,0.9761904761904762,0.9676329468212715,0.9375487900078064,1.0,1.0,1.0,1.0,1.0,1.0,1.0,1.0,1.0,1.0,1.0,1.0,0.8524590163934426,0.8390243902439025,0.8533475498689413,0.7475409836065575,1.0,1.0,1.0,1.0,0.6885245901639344,0.7171052631578947,0.7671319925637993,0.6372629631532968,1.0,1.0,1.0,1.0,1.0,1.0,1.0,1.0,1.0,1.0,1.0,1.0,1.0,1.0,1.0,1.0,1.0,1.0,1.0,1.0,1.0,1.0,1.0,1.0,1.0,1.0,1.0,1.0,0.5409836065573771,0.3173076923076923,0.6115466856735566,0.47679911086412885,0.6557377049180327,0.6557377049180327,0.7920792079207921,0.6557377049180327,1.0,1.0,1.0,1.0
5,1.0,1.0,1.0,1.0,1.0,1.0,1.0,1.0,1.0,1.0,1.0,1.0,1.0,1.0,1.0,1.0,0.9180327868852459,0.9251336898395721,0.9199093017800828,0.8534998698933125,1.0,1.0,1.0,1.0,0.7049180327868853,0.7258771929824561,0.7791903646704582,0.653799563918275,1.0,1.0,1.0,1.0,1.0,1.0,1.0,1.0,1.0,1.0,1.0,1.0,1.0,1.0,1.0,1.0,1.0,1.0,1.0,1.0,1.0,1.0,1.0,1.0,1.0,1.0,1.0,1.0,0.5573770491803278,0.34,0.6125022518465143,0.4889272361230946,0.6721311475409836,0.6721311475409836,0.8039215686274509,0.6721311475409836,1.0,1.0,1.0,1.0
6,1.0,1.0,1.0,1.0,1.0,1.0,1.0,1.0,1.0,1.0,1.0,1.0,1.0,1.0,1.0,1.0,0.9016393442622951,0.8930555555555555,0.9034145700008768,0.8271363794907569,1.0,1.0,1.0,1.0,0.7377049180327869,0.8644067796610169,0.822050787528126,0.7085610200364298,1.0,1.0,1.0,1.0,0.9836065573770492,0.9736842105263157,0.9834814563840599,0.9675943576057948,1.0,1.0,1.0,1.0,1.0,1.0,1.0,1.0,1.0,1.0,1.0,1.0,1.0,1.0,1.0,1.0,1.0,1.0,1.0,1.0,0.639344262295082,0.36792452830188677,0.7059426229508196,0.5944779982743744,0.7049180327868853,0.7049180327868853,0.8269230769230769,0.7049180327868853,1.0,1.0,1.0,1.0
7,1.0,1.0,1.0,1.0,1.0,1.0,1.0,1.0,1.0,1.0,1.0,1.0,1.0,1.0,1.0,1.0,0.9836065573770492,0.99,0.9838801413997422,0.9685792349726775,1.0,1.0,1.0,1.0,0.8688524590163934,0.8183962264150944,0.8793956927033107,0.7986800085160741,1.0,1.0,1.0,1.0,0.9836065573770492,0.9615384615384616,0.9833631908061519,0.9675476748076279,1.0,1.0,1.0,1.0,1.0,1.0,1.0,1.0,1.0,1.0,1.0,1.0,1.0,1.0,1.0,1.0,1.0,1.0,1.0,1.0,0.639344262295082,0.3979591836734694,0.639344262295082,0.5309808280077799,0.8032786885245902,0.8032786885245902,0.8909090909090909,0.8032786885245902,1.0,1.0,1.0,1.0
8,1.0,1.0,1.0,1.0,1.0,1.0,1.0,1.0,1.0,1.0,1.0,1.0,1.0,1.0,1.0,1.0,0.9508196721311475,0.9398809523809524,0.9505234943059813,0.9062167340855866,1.0,1.0,1.0,1.0,0.6885245901639344,0.8416666666666667,0.8001329406945379,0.6729508196721311,1.0,1.0,1.0,1.0,1.0,1.0,1.0,1.0,1.0,1.0,1.0,1.0,1.0,1.0,1.0,1.0,1.0,1.0,1.0,1.0,1.0,1.0,1.0,1.0,1.0,1.0,1.0,1.0,0.5573770491803278,0.3695652173913043,0.5894102129263237,0.48376121249613363,0.6721311475409836,0.6721311475409836,0.8039215686274509,0.6721311475409836,1.0,1.0,1.0,1.0
9,0.9672131147540983,0.9767441860465116,0.9676856074612763,0.9377049180327869,1.0,1.0,1.0,1.0,1.0,1.0,1.0,1.0,1.0,1.0,1.0,1.0,0.9016393442622951,0.9131944444444444,0.9048163680264328,0.8288361673963955,1.0,1.0,1.0,1.0,0.6885245901639344,0.8416666666666667,0.8001329406945379,0.6729508196721311,1.0,1.0,1.0,1.0,1.0,1.0,1.0,1.0,1.0,1.0,1.0,1.0,1.0,1.0,1.0,1.0,1.0,1.0,1.0,1.0,1.0,1.0,1.0,1.0,1.0,1.0,1.0,1.0,0.5737704918032787,0.3431372549019608,0.6361368496079829,0.5133735979292494,0.6721311475409836,0.6721311475409836,0.8039215686274509,0.6721311475409836,1.0,1.0,1.0,1.0
10,0.9836065573770492,0.9893617021276595,0.9838010661512183,0.9683060109289617,1.0,1.0,1.0,1.0,1.0,1.0,1.0,1.0,1.0,1.0,1.0,1.0,0.8852459016393442,0.8503039513677811,0.886607463058529,0.8028779599271403,1.0,1.0,1.0,1.0,0.7704918032786885,0.8833333333333333,0.8557454376739873,0.7551912568306012,1.0,1.0,1.0,1.0,0.9508196721311475,0.9166666666666667,0.9494130846129372,0.9048467569493942,1.0,1.0,1.0,1.0,1.0,1.0,1.0,1.0,1.0,1.0,1.0,1.0,1.0,1.0,1.0,1.0,1.0,1.0,1.0,1.0,0.5409836065573771,0.4024390243902439,0.5098925946862634,0.4107468123861567,0.7540983606557377,0.7540983606557377,0.8598130841121495,0.7540983606557377,1.0,1.0,1.0,1.0
11,1.0,1.0,1.0,1.0,1.0,1.0,1.0,1.0,1.0,1.0,1.0,1.0,1.0,1.0,1.0,1.0,0.9016393442622951,0.9387755102040816,0.9082679971489666,0.8360655737704918,1.0,1.0,1.0,1.0,0.7213114754098361,0.8583333333333334,0.8229893530579592,0.7058287795992715,1.0,1.0,1.0,1.0,1.0,1.0,1.0,1.0,1.0,1.0,1.0,1.0,1.0,1.0,1.0,1.0,1.0,1.0,1.0,1.0,1.0,1.0,1.0,1.0,1.0,1.0,1.0,1.0,0.639344262295082,0.35454545454545455,0.7176313148210104,0.5959988885801613,0.7049180327868853,0.7049180327868853,0.8269230769230769,0.7049180327868853,1.0,1.0,1.0,1.0
12,1.0,1.0,1.0,1.0,1.0,1.0,1.0,1.0,0.9344262295081968,0.9130434782608696,0.932943013270882,0.8750975800156128,1.0,1.0,1.0,1.0,0.9344262295081968,0.9235588972431077,0.9344262295081968,0.8780782059470583,1.0,1.0,1.0,1.0,0.7540983606557377,0.868421052631579,0.8156547657616794,0.7023295944779984,1.0,1.0,1.0,1.0,0.9344262295081968,0.9130434782608696,0.932943013270882,0.8750975800156128,1.0,1.0,1.0,1.0,1.0,1.0,1.0,1.0,1.0,1.0,1.0,1.0,1.0,1.0,1.0,1.0,1.0,1.0,1.0,1.0,0.6229508196721312,0.37254901960784315,0.6832363828662084,0.5776453055141579,0.6885245901639344,0.6885245901639344,0.8155339805825244,0.6885245901639344,1.0,1.0,1.0,1.0
13,0.9672131147540983,0.9803921568627452,0.968375558867362,0.9398907103825137,1.0,1.0,1.0,1.0,1.0,1.0,1.0,1.0,1.0,1.0,1.0,1.0,0.8524590163934426,0.7673913043478261,0.8465918895599654,0.7465321563682219,1.0,1.0,1.0,1.0,0.819672131147541,0.9083333333333333,0.8868655783981396,0.8046448087431695,1.0,1.0,1.0,1.0,0.9180327868852459,0.8637820512820513,0.9168159540307589,0.8518161362905818,1.0,1.0,1.0,1.0,1.0,1.0,1.0,1.0,1.0,1.0,1.0,1.0,1.0,1.0,1.0,1.0,1.0,1.0,1.0,1.0,0.6885245901639344,0.40384615384615385,0.7089758156143484,0.6068352320088913,0.8032786885245902,0.8032786885245902,0.8909090909090909,0.8032786885245902,1.0,1.0,1.0,1.0
14,0.9836065573770492,0.9893617021276595,0.9838010661512183,0.9683060109289617,1.0,1.0,1.0,1.0,1.0,1.0,1.0,1.0,1.0,1.0,1.0,1.0,0.8852459016393442,0.8656462585034014,0.8898092225098264,0.808743169398907,1.0,1.0,1.0,1.0,0.7704918032786885,0.8833333333333333,0.8557454376739873,0.7551912568306012,1.0,1.0,1.0,1.0,0.9672131147540983,0.9791666666666667,0.9680352782898998,0.9387978142076503,1.0,1.0,1.0,1.0,1.0,1.0,1.0,1.0,1.0,1.0,1.0,1.0,1.0,1.0,1.0,1.0,1.0,1.0,1.0,1.0,0.6557377049180327,0.37735849056603776,0.7021029971849644,0.5890525145873853,0.7540983606557377,0.7540983606557377,0.8598130841121495,0.7540983606557377,1.0,1.0,1.0,1.0
15,0.9672131147540983,0.9787234042553192,0.9679496317415063,0.9385245901639344,1.0,1.0,1.0,1.0,1.0,1.0,1.0,1.0,1.0,1.0,1.0,1.0,0.8852459016393442,0.8709935897435898,0.8893305858968982,0.8069581056466302,1.0,1.0,1.0,1.0,0.7377049180327869,0.6228813559322034,0.8220540843491664,0.7112182577949212,0.9836065573770492,0.9891304347826086,0.9837808938813698,0.9682377049180327,1.0,1.0,1.0,1.0,1.0,1.0,1.0,1.0,1.0,1.0,1.0,1.0,1.0,1.0,1.0,1.0,1.0,1.0,1.0,1.0,1.0,1.0,1.0,1.0,0.6721311475409836,0.3867924528301887,0.7269989963198394,0.6249640494679322,0.7377049180327869,0.7377049180327869,0.8490566037735848,0.7377049180327869,1.0,1.0,1.0,1.0
16,1.0,1.0,1.0,1.0,1.0,1.0,1.0,1.0,1.0,1.0,1.0,1.0,1.0,1.0,1.0,1.0,0.9016393442622951,0.849483204134367,0.8976775956284152,0.8187014667817084,1.0,1.0,1.0,1.0,0.8688524590163934,0.8714622641509434,0.8828017883755589,0.8013357619914997,1.0,1.0,1.0,1.0,1.0,1.0,1.0,1.0,1.0,1.0,1.0,1.0,1.0,1.0,1.0,1.0,1.0,1.0,1.0,1.0,1.0,1.0,1.0,1.0,1.0,1.0,1.0,1.0,0.6721311475409836,0.3942307692307692,0.7060771650935586,0.602600339174675,0.7704918032786885,0.7704918032786885,0.8703703703703703,0.7704918032786885,1.0,1.0,1.0,1.0
17,1.0,1.0,1.0,1.0,1.0,1.0,1.0,1.0,1.0,1.0,1.0,1.0,1.0,1.0,1.0,1.0,0.9016393442622951,0.9123188405797101,0.9051897957394581,0.8299616323683292,1.0,1.0,1.0,1.0,0.7213114754098361,0.8559322033898304,0.8106599887154993,0.6919758412424504,1.0,1.0,1.0,1.0,1.0,1.0,1.0,1.0,1.0,1.0,1.0,1.0,1.0,1.0,1.0,1.0,1.0,1.0,1.0,1.0,1.0,1.0,1.0,1.0,1.0,1.0,1.0,1.0,0.6065573770491803,0.3627450980392157,0.6652564780539397,0.5524004683840749,0.6885245901639344,0.6885245901639344,0.8155339805825244,0.6885245901639344,1.0,1.0,1.0,1.0
18,0.9836065573770492,0.9893617021276595,0.9838010661512183,0.9683060109289617,1.0,1.0,1.0,1.0,1.0,1.0,1.0,1.0,1.0,1.0,1.0,1.0,0.9180327868852459,0.8840277777777779,0.9171611043636427,0.8502959927140256,1.0,1.0,1.0,1.0,0.7540983606557377,0.7540983606557377,0.8598130841121495,0.7540983606557377,1.0,1.0,1.0,1.0,1.0,1.0,1.0,1.0,1.0,1.0,1.0,1.0,1.0,1.0,1.0,1.0,1.0,1.0,1.0,1.0,1.0,1.0,1.0,1.0,1.0,1.0,1.0,1.0,0.7049180327868853,0.37719298245614036,0.7802005411427662,0.669672131147541,0.7540983606557377,0.7540983606557377,0.8598130841121495,0.7540983606557377,1.0,1.0,1.0,1.0
19,1.0,1.0,1.0,1.0,1.0,1.0,1.0,1.0,1.0,1.0,1.0,1.0,1.0,1.0,1.0,1.0,0.9508196721311475,0.9430091185410334,0.9514031984536552,0.9088114754098361,1.0,1.0,1.0,1.0,0.7868852459016393,0.8898305084745763,0.855177480828397,0.7584699453551912,1.0,1.0,1.0,1.0,1.0,1.0,1.0,1.0,1.0,1.0,1.0,1.0,1.0,1.0,1.0,1.0,1.0,1.0,1.0,1.0,1.0,1.0,1.0,1.0,1.0,1.0,1.0,1.0,0.7049180327868853,0.38392857142857145,0.774027643844423,0.6690747429841623,0.7540983606557377,0.7540983606557377,0.8598130841121495,0.7540983606557377,1.0,1.0,1.0,1.0
20,0.9344262295081968,0.9574468085106382,0.9370673952641165,0.8834244080145719,1.0,1.0,1.0,1.0,1.0,1.0,1.0,1.0,1.0,1.0,1.0,1.0,0.8852459016393442,0.8990384615384616,0.8913476792905666,0.8090718599778133,1.0,1.0,1.0,1.0,0.819672131147541,0.8981481481481481,0.8491194862261281,0.7495446265938069,1.0,1.0,1.0,1.0,1.0,1.0,1.0,1.0,1.0,1.0,1.0,1.0,1.0,1.0,1.0,1.0,1.0,1.0,1.0,1.0,1.0,1.0,1.0,1.0,1.0,1.0,1.0,1.0,0.5245901639344263,0.34782608695652173,0.5422729784490699,0.42335346563129134,0.7049180327868853,0.7049180327868853,0.8269230769230769,0.7049180327868853,1.0,1.0,1.0,1.0
21,0.9672131147540983,0.9807692307692308,0.968531018964963,0.940387481371088,1.0,1.0,1.0,1.0,1.0,1.0,1.0,1.0,1.0,1.0,1.0,1.0,0.819672131147541,0.7074468085106382,0.8116410343079263,0.7027929568913175,1.0,1.0,1.0,1.0,0.8688524590163934,0.9310344827586207,0.9014658686789834,0.8330849478390462,1.0,1.0,1.0,1.0,0.9836065573770492,0.9583333333333333,0.9833329733543561,0.9675409836065573,1.0,1.0,1.0,1.0,1.0,1.0,1.0,1.0,1.0,1.0,1.0,1.0,1.0,1.0,1.0,1.0,1.0,1.0,1.0,1.0,0.7868852459016393,0.42105263157894735,0.8383637199325876,0.7602111697693804,0.819672131147541,0.819672131147541,0.9009009009009009,0.819672131147541,1.0,1.0,1.0,1.0
22,0.9672131147540983,0.9803921568627452,0.968375558867362,0.9398907103825137,1.0,1.0,1.0,1.0,1.0,1.0,1.0,1.0,1.0,1.0,1.0,1.0,0.8688524590163934,0.7895136778115501,0.8651744430432955,0.7734589422149692,1.0,1.0,1.0,1.0,0.8032786885245902,0.6622807017543859,0.8450355706773894,0.7537411185646806,0.9836065573770492,0.99,0.9838801413997422,0.9685792349726775,0.9836065573770492,0.9615384615384616,0.9833631908061519,0.9675476748076279,1.0,1.0,1.0,1.0,1.0,1.0,1.0,1.0,1.0,1.0,1.0,1.0,1.0,1.0,1.0,1.0,1.0,1.0,1.0,1.0,0.5737704918032787,0.3804347826086957,0.5556514236410701,0.4398907103825137,0.8032786885245902,0.8032786885245902,0.8909090909090909,0.8032786885245902,1.0,1.0,1.0,1.0
23,0.9836065573770492,0.9886363636363636,0.9837465342270316,0.9681238615664846,1.0,1.0,1.0,1.0,1.0,1.0,1.0,1.0,1.0,1.0,1.0,1.0,0.8360655737704918,0.8350340136054422,0.8471133285816108,0.744133719061395,1.0,1.0,1.0,1.0,0.7540983606557377,0.8706896551724138,0.823660351983676,0.7131147540983607,1.0,1.0,1.0,1.0,0.9836065573770492,0.9736842105263157,0.9834814563840599,0.9675943576057948,1.0,1.0,1.0,1.0,1.0,1.0,1.0,1.0,1.0,1.0,1.0,1.0,1.0,1.0,1.0,1.0,1.0,1.0,1.0,1.0,0.5737704918032787,0.33653846153846156,0.6281276962899052,0.4972677595628416,0.7049180327868853,0.7049180327868853,0.8269230769230769,0.7049180327868853,1.0,1.0,1.0,1.0
24,0.9836065573770492,0.9880952380952381,0.9837179740399175,0.9680327868852459,1.0,1.0,1.0,1.0,1.0,1.0,1.0,1.0,1.0,1.0,1.0,1.0,0.9016393442622951,0.9361702127659575,0.9069650214780398,0.8327868852459016,1.0,1.0,1.0,1.0,0.6885245901639344,0.8416666666666667,0.8001329406945379,0.6729508196721311,1.0,1.0,1.0,1.0,0.9836065573770492,0.9761904761904762,0.9835078314353272,0.9676129548180727,1.0,1.0,1.0,1.0,1.0,1.0,1.0,1.0,1.0,1.0,1.0,1.0,1.0,1.0,1.0,1.0,1.0,1.0,1.0,1.0,0.6065573770491803,0.33035714285714285,0.7003549095825586,0.5661202185792349,0.6721311475409836,0.6721311475409836,0.8039215686274509,0.6721311475409836,1.0,1.0,1.0,1.0
25,0.9836065573770492,0.9891304347826086,0.9837808938813698,0.9682377049180327,1.0,1.0,1.0,1.0,1.0,1.0,1.0,1.0,1.0,1.0,1.0,1.0,0.9016393442622951,0.907312925170068,0.9065723254771041,0.834175506268081,1.0,1.0,1.0,1.0,0.8360655737704918,0.9090909090909092,0.8651266766020864,0.7745901639344263,1.0,1.0,1.0,1.0,1.0,1.0,1.0,1.0,1.0,1.0,1.0,1.0,1.0,1.0,1.0,1.0,1.0,1.0,1.0,1.0,1.0,1.0,1.0,1.0,1.0,1.0,1.0,1.0,0.6229508196721312,0.37254901960784315,0.6618852459016393,0.5477671000565292,0.7377049180327869,0.7377049180327869,0.8490566037735848,0.7377049180327869,1.0,1.0,1.0,1.0
26,0.9836065573770492,0.9895833333333333,0.9838238583708818,0.968384074941452,1.0,1.0,1.0,1.0,1.0,1.0,1.0,1.0,1.0,1.0,1.0,1.0,0.8688524590163934,0.8239795918367347,0.8725304749894913,0.7838439284919516,1.0,1.0,1.0,1.0,0.8032786885245902,0.8983050847457628,0.865914011753789,0.775175644028103,1.0,1.0,1.0,1.0,0.9836065573770492,0.9895833333333333,0.9838238583708818,0.968384074941452,1.0,1.0,1.0,1.0,1.0,1.0,1.0,1.0,1.0,1.0,1.0,1.0,1.0,1.0,1.0,1.0,1.0,1.0,1.0,1.0,0.6229508196721312,0.40425531914893614,0.6229508196721312,0.5228337236533959,0.7704918032786885,0.7704918032786885,0.8703703703703703,0.7704918032786885,1.0,1.0,1.0,1.0
27,0.9836065573770492,0.9888888888888889,0.9837628448790725,0.9681774349083896,1.0,1.0,1.0,1.0,1.0,1.0,1.0,1.0,1.0,1.0,1.0,1.0,0.9180327868852459,0.9041666666666667,0.9188142243953628,0.8524957318304481,1.0,1.0,1.0,1.0,0.7868852459016393,0.8859649122807017,0.8391340304990687,0.7367405978784956,1.0,1.0,1.0,1.0,1.0,1.0,1.0,1.0,1.0,1.0,1.0,1.0,1.0,1.0,1.0,1.0,1.0,1.0,1.0,1.0,1.0,1.0,1.0,1.0,1.0,1.0,1.0,1.0,0.6065573770491803,0.3490566037735849,0.6628358965692074,0.535792349726776,0.7213114754098361,0.7213114754098361,0.8380952380952381,0.7213114754098361,1.0,1.0,1.0,1.0
28,0.9836065573770492,0.9878048780487805,0.9837052833187713,0.9679937548790009,1.0,1.0,1.0,1.0,1.0,1.0,1.0,1.0,1.0,1.0,1.0,1.0,0.8688524590163934,0.8615288220551378,0.8705317872850861,0.7737704918032786,1.0,1.0,1.0,1.0,0.6885245901639344,0.8389830508474576,0.7872884223561344,0.6588602654176424,1.0,1.0,1.0,1.0,1.0,1.0,1.0,1.0,1.0,1.0,1.0,1.0,1.0,1.0,1.0,1.0,1.0,1.0,1.0,1.0,1.0,1.0,1.0,1.0,1.0,1.0,1.0,1.0,0.6065573770491803,0.33636363636363636,0.7023295944779984,0.5751837196156021,0.6557377049180327,0.6557377049180327,0.7920792079207921,0.6557377049180327,1.0,1.0,1.0,1.0
29,1.0,1.0,1.0,1.0,1.0,1.0,1.0,1.0,1.0,1.0,1.0,1.0,1.0,1.0,1.0,1.0,0.8524590163934426,0.8435828877005347,0.8558367432041492,0.752824494623982,1.0,1.0,1.0,1.0,0.7213114754098361,0.853448275862069,0.8003772579681346,0.6795081967213116,1.0,1.0,1.0,1.0,0.9672131147540983,0.9767441860465116,0.9676856074612763,0.9377049180327869,1.0,1.0,1.0,1.0,1.0,1.0,1.0,1.0,1.0,1.0,1.0,1.0,1.0,1.0,1.0,1.0,1.0,1.0,1.0,1.0,0.639344262295082,0.33620689655172414,0.749130650769995,0.618032786885246,0.6721311475409836,0.6721311475409836,0.8039215686274509,0.6721311475409836,1.0,1.0,1.0,1.0
30,0.9836065573770492,0.9871794871794872,0.9836822558134032,0.9679258731290092,1.0,1.0,1.0,1.0,1.0,1.0,1.0,1.0,1.0,1.0,1.0,1.0,0.9344262295081968,0.9523809523809523,0.9359094457455114,0.880256593014968,1.0,1.0,1.0,1.0,0.6557377049180327,0.8220338983050848,0.7630623626837924,0.6258018531717747,1.0,1.0,1.0,1.0,1.0,1.0,1.0,1.0,1.0,1.0,1.0,1.0,1.0,1.0,1.0,1.0,1.0,1.0,1.0,1.0,1.0,1.0,1.0,1.0,1.0,1.0,1.0,1.0,0.5245901639344263,0.3076923076923077,0.606193078324226,0.4703222159412097,0.6229508196721312,0.6229508196721312,0.7676767676767677,0.6229508196721312,1.0,1.0,1.0,1.0
31,0.9836065573770492,0.9883720930232558,0.9837316583700383,0.9680759275237274,1.0,1.0,1.0,1.0,1.0,1.0,1.0,1.0,1.0,1.0,1.0,1.0,0.9344262295081968,0.9364973262032086,0.935485237429576,0.8801457194899818,1.0,1.0,1.0,1.0,0.7377049180327869,0.8620689655172413,0.8121013412816693,0.6962899050905953,1.0,1.0,1.0,1.0,0.9836065573770492,0.975,0.9834951407141806,0.9676034348165496,1.0,1.0,1.0,1.0,1.0,1.0,1.0,1.0,1.0,1.0,1.0,1.0,1.0,1.0,1.0,1.0,1.0,1.0,1.0,1.0,0.6557377049180327,0.3448275862068966,0.760655737704918,0.633879781420765,0.6885245901639344,0.6885245901639344,0.8155339805825244,0.6885245901639344,1.0,1.0,1.0,1.0
32,1.0,1.0,1.0,1.0,1.0,1.0,1.0,1.0,1.0,1.0,1.0,1.0,1.0,1.0,1.0,1.0,0.8688524590163934,0.7895136778115501,0.8651744430432955,0.7734589422149692,1.0,1.0,1.0,1.0,0.8688524590163934,0.853030303030303,0.8869272803699033,0.8106647450909745,1.0,1.0,1.0,1.0,0.9836065573770492,0.9615384615384616,0.9833631908061519,0.9675476748076279,1.0,1.0,1.0,1.0,1.0,1.0,1.0,1.0,1.0,1.0,1.0,1.0,1.0,1.0,1.0,1.0,1.0,1.0,1.0,1.0,0.7213114754098361,0.4074074074074074,0.7563265955753621,0.6601833842734093,0.8032786885245902,0.8032786885245902,0.8909090909090909,0.8032786885245902,1.0,1.0,1.0,1.0
33,0.9836065573770492,0.9901960784313726,0.9839157217829511,0.9687034277198212,1.0,1.0,1.0,1.0,1.0,1.0,1.0,1.0,1.0,1.0,1.0,1.0,0.9016393442622951,0.8504273504273505,0.905593056894889,0.8371864929241979,1.0,1.0,1.0,1.0,0.819672131147541,0.819672131147541,0.9009009009009009,0.819672131147541,1.0,1.0,1.0,1.0,0.9836065573770492,0.9583333333333333,0.9833329733543561,0.9675409836065573,1.0,1.0,1.0,1.0,1.0,1.0,1.0,1.0,1.0,1.0,1.0,1.0,1.0,1.0,1.0,1.0,1.0,1.0,1.0,1.0,0.6229508196721312,0.4222222222222222,0.5901639344262295,0.4918032786885246,0.819672131147541,0.819672131147541,0.9009009009009009,0.819672131147541,1.0,1.0,1.0,1.0
34,1.0,1.0,1.0,1.0,1.0,1.0,1.0,1.0,1.0,1.0,1.0,1.0,1.0,1.0,1.0,1.0,0.8688524590163934,0.8145896656534954,0.8688524590163934,0.777134897674917,1.0,1.0,1.0,1.0,0.7704918032786885,0.6398305084745763,0.8435663470460872,0.7437158469945355,1.0,1.0,1.0,1.0,1.0,1.0,1.0,1.0,1.0,1.0,1.0,1.0,1.0,1.0,1.0,1.0,1.0,1.0,1.0,1.0,1.0,1.0,1.0,1.0,1.0,1.0,1.0,1.0,0.6721311475409836,0.3867924528301887,0.7124590163934427,0.60377882745207,0.7704918032786885,0.7704918032786885,0.8703703703703703,0.7704918032786885,1.0,1.0,1.0,1.0
35,0.9836065573770492,0.9895833333333333,0.9838238583708818,0.968384074941452,1.0,1.0,1.0,1.0,1.0,1.0,1.0,1.0,1.0,1.0,1.0,1.0,0.8360655737704918,0.7682370820668694,0.8360655737704918,0.7310347116214242,1.0,1.0,1.0,1.0,0.8032786885245902,0.7785087719298245,0.8484657419083649,0.7542114188807236,1.0,1.0,1.0,1.0,1.0,1.0,1.0,1.0,1.0,1.0,1.0,1.0,1.0,1.0,1.0,1.0,1.0,1.0,1.0,1.0,1.0,1.0,1.0,1.0,1.0,1.0,1.0,1.0,0.7049180327868853,0.39814814814814814,0.7537737380295407,0.6563029960429622,0.7704918032786885,0.7704918032786885,0.8703703703703703,0.7704918032786885,1.0,1.0,1.0,1.0
36,0.9672131147540983,0.9782608695652174,0.9678734061930783,0.9382835101253616,1.0,1.0,1.0,1.0,1.0,1.0,1.0,1.0,1.0,1.0,1.0,1.0,0.8852459016393442,0.8618055555555555,0.8863399141535079,0.8006147540983606,1.0,1.0,1.0,1.0,0.7540983606557377,0.8728813559322034,0.833259338063446,0.7251687560270009,1.0,1.0,1.0,1.0,1.0,1.0,1.0,1.0,1.0,1.0,1.0,1.0,1.0,1.0,1.0,1.0,1.0,1.0,1.0,1.0,1.0,1.0,1.0,1.0,1.0,1.0,1.0,1.0,0.6557377049180327,0.37735849056603776,0.7165793476423865,0.6097210238711532,0.7213114754098361,0.7213114754098361,0.8380952380952381,0.7213114754098361,1.0,1.0,1.0,1.0
37,1.0,1.0,1.0,1.0,1.0,1.0,1.0,1.0,1.0,1.0,1.0,1.0,1.0,1.0,1.0,1.0,0.9016393442622951,0.9123188405797101,0.9051897957394581,0.8299616323683292,1.0,1.0,1.0,1.0,0.7377049180327869,0.8620689655172413,0.8121013412816693,0.6962899050905953,1.0,1.0,1.0,1.0,1.0,1.0,1.0,1.0,1.0,1.0,1.0,1.0,1.0,1.0,1.0,1.0,1.0,1.0,1.0,1.0,1.0,1.0,1.0,1.0,1.0,1.0,1.0,1.0,0.639344262295082,0.35454545454545455,0.7250295757985465,0.6062747314867157,0.6885245901639344,0.6885245901639344,0.8155339805825244,0.6885245901639344,1.0,1.0,1.0,1.0
38,0.9836065573770492,0.9883720930232558,0.9837316583700383,0.9680759275237274,1.0,1.0,1.0,1.0,1.0,1.0,1.0,1.0,1.0,1.0,1.0,1.0,0.7704918032786885,0.7419871794871795,0.7843579234972677,0.6584242557157739,1.0,1.0,1.0,1.0,0.7213114754098361,0.7346491228070176,0.7910754011965699,0.6703787450537027,1.0,1.0,1.0,1.0,1.0,1.0,1.0,1.0,1.0,1.0,1.0,1.0,1.0,1.0,1.0,1.0,1.0,1.0,1.0,1.0,1.0,1.0,1.0,1.0,1.0,1.0,1.0,1.0,0.5573770491803278,0.34,0.6058446186742695,0.4804974561899378,0.6885245901639344,0.6885245901639344,0.8155339805825244,0.6885245901639344,1.0,1.0,1.0,1.0
39,1.0,1.0,1.0,1.0,1.0,1.0,1.0,1.0,1.0,1.0,1.0,1.0,1.0,1.0,1.0,1.0,0.9180327868852459,0.9231884057971014,0.9203770994155963,0.8550658124208323,1.0,1.0,1.0,1.0,0.7213114754098361,0.8583333333333334,0.8229893530579592,0.7058287795992715,1.0,1.0,1.0,1.0,1.0,1.0,1.0,1.0,1.0,1.0,1.0,1.0,1.0,1.0,1.0,1.0,1.0,1.0,1.0,1.0,1.0,1.0,1.0,1.0,1.0,1.0,1.0,1.0,0.5737704918032787,0.3723404255319149,0.5992714025500911,0.4903129657228018,0.7049180327868853,0.7049180327868853,0.8269230769230769,0.7049180327868853,1.0,1.0,1.0,1.0
40,0.9836065573770492,0.9883720930232558,0.9837316583700383,0.9680759275237274,1.0,1.0,1.0,1.0,1.0,1.0,1.0,1.0,1.0,1.0,1.0,1.0,0.9180327868852459,0.9468085106382979,0.92193997443583,0.8576358930112166,1.0,1.0,1.0,1.0,0.6885245901639344,0.6885245901639344,0.8155339805825244,0.6885245901639344,1.0,1.0,1.0,1.0,0.9836065573770492,0.975,0.9834951407141806,0.9676034348165496,1.0,1.0,1.0,1.0,1.0,1.0,1.0,1.0,1.0,1.0,1.0,1.0,1.0,1.0,1.0,1.0,1.0,1.0,1.0,1.0,0.5737704918032787,0.35,0.6236635780470421,0.5033074489502445,0.6885245901639344,0.6885245901639344,0.8155339805825244,0.6885245901639344,1.0,1.0,1.0,1.0
41,0.9672131147540983,0.9772727272727273,0.9677426187147881,0.9378774805867127,1.0,1.0,1.0,1.0,1.0,1.0,1.0,1.0,1.0,1.0,1.0,1.0,0.8360655737704918,0.8141711229946524,0.8387130935739399,0.7285578522214302,1.0,1.0,1.0,1.0,0.7704918032786885,0.875,0.8210382513661203,0.7100949094046592,1.0,1.0,1.0,1.0,0.9836065573770492,0.975,0.9834951407141806,0.9676034348165496,1.0,1.0,1.0,1.0,1.0,1.0,1.0,1.0,1.0,1.0,1.0,1.0,1.0,1.0,1.0,1.0,1.0,1.0,1.0,1.0,0.5409836065573771,0.34375,0.5770491803278689,0.455565142364107,0.6885245901639344,0.6885245901639344,0.8155339805825244,0.6885245901639344,1.0,1.0,1.0,1.0
42,1.0,1.0,1.0,1.0,1.0,1.0,1.0,1.0,1.0,1.0,1.0,1.0,1.0,1.0,1.0,1.0,0.9180327868852459,0.9007246376811595,0.9189044694068491,0.8531420765027323,1.0,1.0,1.0,1.0,0.7377049180327869,0.6228813559322034,0.8220540843491664,0.7112182577949212,1.0,1.0,1.0,1.0,1.0,1.0,1.0,1.0,1.0,1.0,1.0,1.0,1.0,1.0,1.0,1.0,1.0,1.0,1.0,1.0,1.0,1.0,1.0,1.0,1.0,1.0,1.0,1.0,0.6557377049180327,0.37037037037037035,0.7153502235469447,0.6001667129758267,0.7377049180327869,0.7377049180327869,0.8490566037735848,0.7377049180327869,1.0,1.0,1.0,1.0
43,1.0,1.0,1.0,1.0,1.0,1.0,1.0,1.0,1.0,1.0,1.0,1.0,1.0,1.0,1.0,1.0,0.9180327868852459,0.9231884057971014,0.9203770994155963,0.8550658124208323,1.0,1.0,1.0,1.0,0.7377049180327869,0.8644067796610169,0.822050787528126,0.7085610200364298,1.0,1.0,1.0,1.0,1.0,1.0,1.0,1.0,1.0,1.0,1.0,1.0,1.0,1.0,1.0,1.0,1.0,1.0,1.0,1.0,1.0,1.0,1.0,1.0,1.0,1.0,1.0,1.0,0.639344262295082,0.36792452830188677,0.7059426229508196,0.5944779982743744,0.7049180327868853,0.7049180327868853,0.8269230769230769,0.7049180327868853,1.0,1.0,1.0,1.0
44,0.9672131147540983,0.975609756097561,0.967583918813427,0.9374068554396423,1.0,1.0,1.0,1.0,1.0,1.0,1.0,1.0,1.0,1.0,1.0,1.0,0.9180327868852459,0.9084668192219679,0.917654294703475,0.8486205517792883,1.0,1.0,1.0,1.0,0.6229508196721312,0.31666666666666665,0.7550919026328861,0.612738511152916,1.0,1.0,1.0,1.0,1.0,1.0,1.0,1.0,1.0,1.0,1.0,1.0,1.0,1.0,1.0,1.0,1.0,1.0,1.0,1.0,1.0,1.0,1.0,1.0,1.0,1.0,1.0,1.0,0.5245901639344263,0.3333333333333333,0.5788581119276426,0.4578241430700447,0.639344262295082,0.639344262295082,0.78,0.639344262295082,1.0,1.0,1.0,1.0
45,0.9508196721311475,0.9651162790697674,0.9518224220969628,0.9086651053864169,1.0,1.0,1.0,1.0,1.0,1.0,1.0,1.0,1.0,1.0,1.0,1.0,0.8524590163934426,0.9081632653061225,0.8651183040573351,0.7681498829039812,1.0,1.0,1.0,1.0,0.7377049180327869,0.8571428571428572,0.7965531736023539,0.6752537080405933,0.9836065573770492,0.9878048780487805,0.9837052833187713,0.9679937548790009,0.9836065573770492,0.9772727272727273,0.9835196919171689,0.9676229508196721,1.0,1.0,1.0,1.0,1.0,1.0,1.0,1.0,1.0,1.0,1.0,1.0,1.0,1.0,1.0,1.0,1.0,1.0,1.0,1.0,0.5573770491803278,0.3148148148148148,0.6403906522497383,0.5016393442622951,0.6557377049180327,0.6557377049180327,0.7920792079207921,0.6557377049180327,1.0,1.0,1.0,1.0
46,0.9836065573770492,0.9903846153846154,0.9839583839433056,0.9688524590163935,1.0,1.0,1.0,1.0,1.0,1.0,1.0,1.0,1.0,1.0,1.0,1.0,0.9016393442622951,0.8205882352941176,0.9016393442622951,0.8314417822614544,1.0,1.0,1.0,1.0,0.9180327868852459,0.9553571428571428,0.9297788672692917,0.8770491803278688,1.0,1.0,1.0,1.0,0.9836065573770492,0.9545454545454546,0.9832973929711472,0.9675345548055287,1.0,1.0,1.0,1.0,1.0,1.0,1.0,1.0,1.0,1.0,1.0,1.0,1.0,1.0,1.0,1.0,1.0,1.0,1.0,1.0,0.6721311475409836,0.41836734693877553,0.6586885245901639,0.558210614059461,0.8360655737704918,0.8360655737704918,0.9107142857142857,0.8360655737704918,1.0,1.0,1.0,1.0
47,1.0,1.0,1.0,1.0,1.0,1.0,1.0,1.0,1.0,1.0,1.0,1.0,1.0,1.0,1.0,1.0,0.9016393442622951,0.8930555555555555,0.9034145700008768,0.8271363794907569,1.0,1.0,1.0,1.0,0.7377049180327869,0.8644067796610169,0.822050787528126,0.7085610200364298,1.0,1.0,1.0,1.0,0.9672131147540983,0.95,0.9667406220469207,0.9359512009149829,1.0,1.0,1.0,1.0,1.0,1.0,1.0,1.0,1.0,1.0,1.0,1.0,1.0,1.0,1.0,1.0,1.0,1.0,1.0,1.0,0.5737704918032787,0.3431372549019608,0.622602023020579,0.49597110308419,0.7049180327868853,0.7049180327868853,0.8269230769230769,0.7049180327868853,1.0,1.0,1.0,1.0
48,0.9672131147540983,0.9807692307692308,0.968531018964963,0.940387481371088,1.0,1.0,1.0,1.0,1.0,1.0,1.0,1.0,1.0,1.0,1.0,1.0,0.9344262295081968,0.9155982905982906,0.937062037929926,0.8864831425920198,1.0,1.0,1.0,1.0,0.8360655737704918,0.9166666666666667,0.8969200198708396,0.8211624441132638,1.0,1.0,1.0,1.0,1.0,1.0,1.0,1.0,1.0,1.0,1.0,1.0,1.0,1.0,1.0,1.0,1.0,1.0,1.0,1.0,1.0,1.0,1.0,1.0,1.0,1.0,1.0,1.0,0.5737704918032787,0.4069767441860465,0.5305834655385158,0.42538157150932726,0.819672131147541,0.819672131147541,0.9009009009009009,0.819672131147541,1.0,1.0,1.0,1.0
49,1.0,1.0,1.0,1.0,1.0,1.0,1.0,1.0,1.0,1.0,1.0,1.0,1.0,1.0,1.0,1.0,0.8852459016393442,0.8843582887700534,0.887873022492116,0.8015615888032139,1.0,1.0,1.0,1.0,0.6885245901639344,0.8416666666666667,0.8001329406945379,0.6729508196721311,1.0,1.0,1.0,1.0,0.9672131147540983,0.9545454545454546,0.9668423106947698,0.9360255897640943,1.0,1.0,1.0,1.0,1.0,1.0,1.0,1.0,1.0,1.0,1.0,1.0,1.0,1.0,1.0,1.0,1.0,1.0,1.0,1.0,0.6065573770491803,0.37,0.6665465681859124,0.5616272009714632,0.6721311475409836,0.6721311475409836,0.8039215686274509,0.6721311475409836,1.0,1.0,1.0,1.0
50,0.9836065573770492,0.9888888888888889,0.9837628448790725,0.9681774349083896,1.0,1.0,1.0,1.0,1.0,1.0,1.0,1.0,1.0,1.0,1.0,1.0,0.9180327868852459,0.9217325227963526,0.9206478344500555,0.8559881602914391,1.0,1.0,1.0,1.0,0.7213114754098361,0.7213114754098361,0.8380952380952381,0.7213114754098361,1.0,1.0,1.0,1.0,0.9836065573770492,0.9722222222222222,0.9834665805270667,0.9675856929955291,1.0,1.0,1.0,1.0,1.0,1.0,1.0,1.0,1.0,1.0,1.0,1.0,1.0,1.0,1.0,1.0,1.0,1.0,1.0,1.0,0.5573770491803278,0.34,0.5929543076386468,0.46448087431693985,0.7213114754098361,0.7213114754098361,0.8380952380952381,0.7213114754098361,1.0,1.0,1.0,1.0
51,0.9672131147540983,0.9782608695652174,0.9678734061930783,0.9382835101253616,1.0,1.0,1.0,1.0,1.0,1.0,1.0,1.0,1.0,1.0,1.0,1.0,0.8524590163934426,0.8194444444444444,0.8538656039116528,0.75209100033456,1.0,1.0,1.0,1.0,0.7377049180327869,0.7040229885057472,0.8115075538412087,0.6984347503936279,1.0,1.0,1.0,1.0,1.0,1.0,1.0,1.0,1.0,1.0,1.0,1.0,1.0,1.0,1.0,1.0,1.0,1.0,1.0,1.0,1.0,1.0,1.0,1.0,1.0,1.0,1.0,1.0,0.6557377049180327,0.37037037037037035,0.7226497156239545,0.6105144149236857,0.7213114754098361,0.7213114754098361,0.8380952380952381,0.7213114754098361,1.0,1.0,1.0,1.0
52,1.0,1.0,1.0,1.0,1.0,1.0,1.0,1.0,1.0,1.0,1.0,1.0,1.0,1.0,1.0,1.0,0.9180327868852459,0.9007246376811595,0.9189044694068491,0.8531420765027323,1.0,1.0,1.0,1.0,0.7868852459016393,0.8879310344827587,0.8463439355989847,0.7469262295081968,1.0,1.0,1.0,1.0,0.9836065573770492,0.9705882352941176,0.9834502698750258,0.9675774134790528,1.0,1.0,1.0,1.0,1.0,1.0,1.0,1.0,1.0,1.0,1.0,1.0,1.0,1.0,1.0,1.0,1.0,1.0,1.0,1.0,0.6557377049180327,0.38461538461538464,0.7030589825925301,0.5982168536094334,0.7377049180327869,0.7377049180327869,0.8490566037735848,0.7377049180327869,1.0,1.0,1.0,1.0
53,0.9836065573770492,0.9888888888888889,0.9837628448790725,0.9681774349083896,1.0,1.0,1.0,1.0,1.0,1.0,1.0,1.0,1.0,1.0,1.0,1.0,0.9508196721311475,0.9465277777777779,0.9512885346372177,0.9081729626989785,1.0,1.0,1.0,1.0,0.7704918032786885,0.7839285714285715,0.8193144560357675,0.7107659860032596,1.0,1.0,1.0,1.0,1.0,1.0,1.0,1.0,1.0,1.0,1.0,1.0,1.0,1.0,1.0,1.0,1.0,1.0,1.0,1.0,1.0,1.0,1.0,1.0,1.0,1.0,1.0,1.0,0.639344262295082,0.35454545454545455,0.7103825136612021,0.5860655737704918,0.7213114754098361,0.7213114754098361,0.8380952380952381,0.7213114754098361,1.0,1.0,1.0,1.0
54,0.9672131147540983,0.9787234042553192,0.9679496317415063,0.9385245901639344,1.0,1.0,1.0,1.0,1.0,1.0,1.0,1.0,1.0,1.0,1.0,1.0,0.9180327868852459,0.95,0.9234653117310581,0.8616803278688525,1.0,1.0,1.0,1.0,0.7704918032786885,0.8813559322033898,0.8442973238055205,0.7418032786885246,0.9836065573770492,0.9891304347826086,0.9837808938813698,0.9682377049180327,1.0,1.0,1.0,1.0,1.0,1.0,1.0,1.0,1.0,1.0,1.0,1.0,1.0,1.0,1.0,1.0,1.0,1.0,1.0,1.0,1.0,1.0,1.0,1.0,0.7049180327868853,0.3706896551724138,0.7938882699347446,0.6814207650273224,0.7377049180327869,0.7377049180327869,0.8490566037735848,0.7377049180327869,1.0,1.0,1.0,1.0
55,0.9836065573770492,0.9888888888888889,0.9837628448790725,0.9681774349083896,1.0,1.0,1.0,1.0,1.0,1.0,1.0,1.0,1.0,1.0,1.0,1.0,0.9016393442622951,0.8898550724637682,0.9036202185792349,0.8280845556514237,1.0,1.0,1.0,1.0,0.7213114754098361,0.7213114754098361,0.8380952380952381,0.7213114754098361,1.0,1.0,1.0,1.0,0.9836065573770492,0.9722222222222222,0.9834665805270667,0.9675856929955291,1.0,1.0,1.0,1.0,1.0,1.0,1.0,1.0,1.0,1.0,1.0,1.0,1.0,1.0,1.0,1.0,1.0,1.0,1.0,1.0,0.639344262295082,0.35454545454545455,0.7103825136612021,0.5860655737704918,0.7213114754098361,0.7213114754098361,0.8380952380952381,0.7213114754098361,1.0,1.0,1.0,1.0
56,0.9672131147540983,0.9767441860465116,0.9676856074612763,0.9377049180327869,1.0,1.0,1.0,1.0,1.0,1.0,1.0,1.0,1.0,1.0,1.0,1.0,0.819672131147541,0.8130434782608695,0.8273708578965786,0.7131074810537187,1.0,1.0,1.0,1.0,0.6557377049180327,0.3333333333333333,0.7790943028729103,0.6449879064767534,0.9836065573770492,0.9880952380952381,0.9837179740399175,0.9680327868852459,1.0,1.0,1.0,1.0,1.0,1.0,1.0,1.0,1.0,1.0,1.0,1.0,1.0,1.0,1.0,1.0,1.0,1.0,1.0,1.0,1.0,1.0,1.0,1.0,0.5737704918032787,0.330188679245283,0.6470177886292292,0.5154209502639622,0.6721311475409836,0.6721311475409836,0.8039215686274509,0.6721311475409836,1.0,1.0,1.0,1.0
57,1.0,1.0,1.0,1.0,1.0,1.0,1.0,1.0,1.0,1.0,1.0,1.0,1.0,1.0,1.0,1.0,0.8852459016393442,0.8785714285714286,0.8858539598585057,0.7968585589020206,1.0,1.0,1.0,1.0,0.6229508196721312,0.31666666666666665,0.7550919026328861,0.612738511152916,1.0,1.0,1.0,1.0,1.0,1.0,1.0,1.0,1.0,1.0,1.0,1.0,1.0,1.0,1.0,1.0,1.0,1.0,1.0,1.0,1.0,1.0,1.0,1.0,1.0,1.0,1.0,1.0,0.5737704918032787,0.32407407407407407,0.666314119513485,0.534200113058225,0.639344262295082,0.639344262295082,0.78,0.639344262295082,1.0,1.0,1.0,1.0
58,0.9836065573770492,0.9893617021276595,0.9838010661512183,0.9683060109289617,1.0,1.0,1.0,1.0,1.0,1.0,1.0,1.0,1.0,1.0,1.0,1.0,0.9016393442622951,0.8596256684491979,0.8996584699453551,0.8218291630716135,1.0,1.0,1.0,1.0,0.7704918032786885,0.7212643678160919,0.8337536780159731,0.731348985829397,1.0,1.0,1.0,1.0,1.0,1.0,1.0,1.0,1.0,1.0,1.0,1.0,1.0,1.0,1.0,1.0,1.0,1.0,1.0,1.0,1.0,1.0,1.0,1.0,1.0,1.0,1.0,1.0,0.6721311475409836,0.3867924528301887,0.7196555721145884,0.6141888072357264,0.7540983606557377,0.7540983606557377,0.8598130841121495,0.7540983606557377,1.0,1.0,1.0,1.0
59,0.9836065573770492,0.9875,0.9836934228369293,0.9679582712369598,1.0,1.0,1.0,1.0,1.0,1.0,1.0,1.0,1.0,1.0,1.0,1.0,0.9180327868852459,0.9148809523809525,0.918467114184647,0.8502146760343482,1.0,1.0,1.0,1.0,0.6721311475409836,0.8305084745762712,0.7752871640459463,0.6423248882265276,1.0,1.0,1.0,1.0,0.9836065573770492,0.9782608695652174,0.9835308589406948,0.9676334594367381,1.0,1.0,1.0,1.0,1.0,1.0,1.0,1.0,1.0,1.0,1.0,1.0,1.0,1.0,1.0,1.0,1.0,1.0,1.0,1.0,0.5737704918032787,0.32407407407407407,0.666314119513485,0.534200113058225,0.639344262295082,0.639344262295082,0.78,0.639344262295082,1.0,1.0,1.0,1.0
60,0.9836065573770492,0.9888888888888889,0.9837628448790725,0.9681774349083896,1.0,1.0,1.0,1.0,1.0,1.0,1.0,1.0,1.0,1.0,1.0,1.0,0.9016393442622951,0.8898550724637682,0.9036202185792349,0.8280845556514237,1.0,1.0,1.0,1.0,0.7377049180327869,0.8666666666666667,0.8341039652515061,0.7222757955641274,1.0,1.0,1.0,1.0,0.9672131147540983,0.9473684210526316,0.9666836107934087,0.9359165424739195,1.0,1.0,1.0,1.0,1.0,1.0,1.0,1.0,1.0,1.0,1.0,1.0,1.0,1.0,1.0,1.0,1.0,1.0,1.0,1.0,0.6229508196721312,0.37254901960784315,0.6688524590163936,0.5573770491803278,0.7213114754098361,0.7213114754098361,0.8380952380952381,0.7213114754098361,1.0,1.0,1.0,1.0
61,1.0,1.0,1.0,1.0,1.0,1.0,1.0,1.0,1.0,1.0,1.0,1.0,1.0,1.0,1.0,1.0,0.9508196721311475,0.9449275362318841,0.9513426816441094,0.9084716551426988,1.0,1.0,1.0,1.0,0.7704918032786885,0.8813559322033898,0.8442973238055205,0.7418032786885246,1.0,1.0,1.0,1.0,1.0,1.0,1.0,1.0,1.0,1.0,1.0,1.0,1.0,1.0,1.0,1.0,1.0,1.0,1.0,1.0,1.0,1.0,1.0,1.0,1.0,1.0,1.0,1.0,0.6557377049180327,0.38461538461538464,0.7030589825925301,0.5982168536094334,0.7377049180327869,0.7377049180327869,0.8490566037735848,0.7377049180327869,1.0,1.0,1.0,1.0
62,0.9836065573770492,0.9888888888888889,0.9837628448790725,0.9681774349083896,1.0,1.0,1.0,1.0,1.0,1.0,1.0,1.0,1.0,1.0,1.0,1.0,0.9016393442622951,0.8898550724637682,0.9036202185792349,0.8280845556514237,1.0,1.0,1.0,1.0,0.7704918032786885,0.8793103448275862,0.8350691096110574,0.7299903567984571,1.0,1.0,1.0,1.0,1.0,1.0,1.0,1.0,1.0,1.0,1.0,1.0,1.0,1.0,1.0,1.0,1.0,1.0,1.0,1.0,1.0,1.0,1.0,1.0,1.0,1.0,1.0,1.0,0.6557377049180327,0.38461538461538464,0.7103825136612021,0.6088992974238876,0.7213114754098361,0.7213114754098361,0.8380952380952381,0.7213114754098361,1.0,1.0,1.0,1.0
63,0.9836065573770492,0.9888888888888889,0.9837628448790725,0.9681774349083896,1.0,1.0,1.0,1.0,1.0,1.0,1.0,1.0,1.0,1.0,1.0,1.0,0.8852459016393442,0.8618055555555555,0.8863399141535079,0.8006147540983606,1.0,1.0,1.0,1.0,0.7377049180327869,0.675,0.7935022354694486,0.6777245544613371,1.0,1.0,1.0,1.0,1.0,1.0,1.0,1.0,1.0,1.0,1.0,1.0,1.0,1.0,1.0,1.0,1.0,1.0,1.0,1.0,1.0,1.0,1.0,1.0,1.0,1.0,1.0,1.0,0.6065573770491803,0.3425925925925926,0.668450986952158,0.5369524321418974,0.7213114754098361,0.7213114754098361,0.8380952380952381,0.7213114754098361,1.0,1.0,1.0,1.0
64,1.0,1.0,1.0,1.0,1.0,1.0,1.0,1.0,1.0,1.0,1.0,1.0,1.0,1.0,1.0,1.0,0.9016393442622951,0.8776737967914439,0.9016393442622951,0.8243111266131845,1.0,1.0,1.0,1.0,0.7704918032786885,0.7839285714285715,0.8193144560357675,0.7107659860032596,1.0,1.0,1.0,1.0,1.0,1.0,1.0,1.0,1.0,1.0,1.0,1.0,1.0,1.0,1.0,1.0,1.0,1.0,1.0,1.0,1.0,1.0,1.0,1.0,1.0,1.0,1.0,1.0,0.6885245901639344,0.3620689655172414,0.7830279652844745,0.6655737704918032,0.7213114754098361,0.7213114754098361,0.8380952380952381,0.7213114754098361,1.0,1.0,1.0,1.0
65,0.9672131147540983,0.9767441860465116,0.9676856074612763,0.9377049180327869,1.0,1.0,1.0,1.0,1.0,1.0,1.0,1.0,1.0,1.0,1.0,1.0,0.9016393442622951,0.9361702127659575,0.9069650214780398,0.8327868852459016,1.0,1.0,1.0,1.0,0.6885245901639344,0.8416666666666667,0.8001329406945379,0.6729508196721311,0.9836065573770492,0.9880952380952381,0.9837179740399175,0.9680327868852459,1.0,1.0,1.0,1.0,1.0,1.0,1.0,1.0,1.0,1.0,1.0,1.0,1.0,1.0,1.0,1.0,1.0,1.0,1.0,1.0,1.0,1.0,1.0,1.0,0.6229508196721312,0.34545454545454546,0.7137978142076503,0.5907292255511588,0.6721311475409836,0.6721311475409836,0.8039215686274509,0.6721311475409836,1.0,1.0,1.0,1.0
66,0.9672131147540983,0.9772727272727273,0.9677426187147881,0.9378774805867127,1.0,1.0,1.0,1.0,1.0,1.0,1.0,1.0,1.0,1.0,1.0,1.0,0.8852459016393442,0.9004559270516718,0.890715964210162,0.8073087431693988,1.0,1.0,1.0,1.0,0.7213114754098361,0.8559322033898304,0.8106599887154993,0.6919758412424504,0.9836065573770492,0.9883720930232558,0.9837316583700383,0.9680759275237274,1.0,1.0,1.0,1.0,1.0,1.0,1.0,1.0,1.0,1.0,1.0,1.0,1.0,1.0,1.0,1.0,1.0,1.0,1.0,1.0,1.0,1.0,1.0,1.0,0.6885245901639344,0.35,0.8100289296046287,0.6885245901639344,0.6885245901639344,0.6885245901639344,0.8155339805825244,0.6885245901639344,1.0,1.0,1.0,1.0
67,0.9836065573770492,0.9883720930232558,0.9837316583700383,0.9680759275237274,1.0,1.0,1.0,1.0,1.0,1.0,1.0,1.0,1.0,1.0,1.0,1.0,0.9016393442622951,0.9123188405797101,0.9051897957394581,0.8299616323683292,1.0,1.0,1.0,1.0,0.7377049180327869,0.8620689655172413,0.8121013412816693,0.6962899050905953,1.0,1.0,1.0,1.0,0.9672131147540983,0.9523809523809523,0.9667932826869252,0.9359875097580016,1.0,1.0,1.0,1.0,1.0,1.0,1.0,1.0,1.0,1.0,1.0,1.0,1.0,1.0,1.0,1.0,1.0,1.0,1.0,1.0,0.5737704918032787,0.33653846153846156,0.6348099058249043,0.5056960266740761,0.6885245901639344,0.6885245901639344,0.8155339805825244,0.6885245901639344,1.0,1.0,1.0,1.0
68,0.9508196721311475,0.9705882352941176,0.9532819283353853,0.9129886506935687,1.0,1.0,1.0,1.0,1.0,1.0,1.0,1.0,1.0,1.0,1.0,1.0,0.9344262295081968,0.9245454545454546,0.9364893498382959,0.8841897414703587,1.0,1.0,1.0,1.0,0.7868852459016393,0.7868852459016393,0.8807339449541284,0.7868852459016393,1.0,1.0,1.0,1.0,1.0,1.0,1.0,1.0,1.0,1.0,1.0,1.0,1.0,1.0,1.0,1.0,1.0,1.0,1.0,1.0,1.0,1.0,1.0,1.0,1.0,1.0,1.0,1.0,0.6557377049180327,0.38461538461538464,0.6819672131147542,0.5683060109289617,0.7868852459016393,0.7868852459016393,0.8807339449541284,0.7868852459016393,1.0,1.0,1.0,1.0
69,0.9672131147540983,0.9777777777777779,0.9678048566669588,0.9380692167577414,1.0,1.0,1.0,1.0,1.0,1.0,1.0,1.0,1.0,1.0,1.0,1.0,0.9016393442622951,0.875609756097561,0.9002218661407617,0.8209637357178341,1.0,1.0,1.0,1.0,0.7213114754098361,0.8583333333333334,0.8229893530579592,0.7058287795992715,1.0,1.0,1.0,1.0,0.9836065573770492,0.9736842105263157,0.9834814563840599,0.9675943576057948,1.0,1.0,1.0,1.0,1.0,1.0,1.0,1.0,1.0,1.0,1.0,1.0,1.0,1.0,1.0,1.0,1.0,1.0,1.0,1.0,0.5737704918032787,0.3431372549019608,0.622602023020579,0.49597110308419,0.7049180327868853,0.7049180327868853,0.8269230769230769,0.7049180327868853,1.0,1.0,1.0,1.0
70,0.9836065573770492,0.9875,0.9836934228369293,0.9679582712369598,1.0,1.0,1.0,1.0,1.0,1.0,1.0,1.0,1.0,1.0,1.0,1.0,0.8524590163934426,0.8797101449275362,0.860340378951758,0.7593758056444396,1.0,1.0,1.0,1.0,0.6557377049180327,0.825,0.7763882589256789,0.6400894187779433,1.0,1.0,1.0,1.0,1.0,1.0,1.0,1.0,1.0,1.0,1.0,1.0,1.0,1.0,1.0,1.0,1.0,1.0,1.0,1.0,1.0,1.0,1.0,1.0,1.0,1.0,1.0,1.0,0.6065573770491803,0.31896551724137934,0.725367584924793,0.5863387978142076,0.639344262295082,0.639344262295082,0.78,0.639344262295082,1.0,1.0,1.0,1.0
71,0.9672131147540983,0.9761904761904762,0.9676329468212715,0.9375487900078064,1.0,1.0,1.0,1.0,1.0,1.0,1.0,1.0,1.0,1.0,1.0,1.0,0.8360655737704918,0.8233082706766917,0.8381647341063574,0.7257305773342837,1.0,1.0,1.0,1.0,0.7213114754098361,0.8508771929824561,0.7916444143991888,0.6682279469164715,1.0,1.0,1.0,1.0,1.0,1.0,1.0,1.0,1.0,1.0,1.0,1.0,1.0,1.0,1.0,1.0,1.0,1.0,1.0,1.0,1.0,1.0,1.0,1.0,1.0,1.0,1.0,1.0,0.5573770491803278,0.3541666666666667,0.6080476900149032,0.49544626593806923,0.6557377049180327,0.6557377049180327,0.7920792079207921,0.6557377049180327,1.0,1.0,1.0,1.0
72,0.9672131147540983,0.9772727272727273,0.9677426187147881,0.9378774805867127,1.0,1.0,1.0,1.0,1.0,1.0,1.0,1.0,1.0,1.0,1.0,1.0,0.8524590163934426,0.8395833333333333,0.8562383913429702,0.7543777943368107,1.0,1.0,1.0,1.0,0.6885245901639344,0.6885245901639344,0.8155339805825244,0.6885245901639344,1.0,1.0,1.0,1.0,1.0,1.0,1.0,1.0,1.0,1.0,1.0,1.0,1.0,1.0,1.0,1.0,1.0,1.0,1.0,1.0,1.0,1.0,1.0,1.0,1.0,1.0,1.0,1.0,0.6557377049180327,0.35714285714285715,0.7494145199063232,0.6331260599208592,0.6885245901639344,0.6885245901639344,0.8155339805825244,0.6885245901639344,1.0,1.0,1.0,1.0
73,0.9672131147540983,0.9787234042553192,0.9679496317415063,0.9385245901639344,1.0,1.0,1.0,1.0,1.0,1.0,1.0,1.0,1.0,1.0,1.0,1.0,0.8852459016393442,0.8709935897435898,0.8893305858968982,0.8069581056466302,1.0,1.0,1.0,1.0,0.7540983606557377,0.875,0.8450199752031959,0.7387295081967213,1.0,1.0,1.0,1.0,0.9836065573770492,0.9891304347826086,0.9837808938813698,0.9682377049180327,1.0,1.0,1.0,1.0,1.0,1.0,1.0,1.0,1.0,1.0,1.0,1.0,1.0,1.0,1.0,1.0,1.0,1.0,1.0,1.0,0.639344262295082,0.3611111111111111,0.6974664679582712,0.5754098360655738,0.7377049180327869,0.7377049180327869,0.8490566037735848,0.7377049180327869,1.0,1.0,1.0,1.0
74,1.0,1.0,1.0,1.0,1.0,1.0,1.0,1.0,1.0,1.0,1.0,1.0,1.0,1.0,1.0,1.0,0.9508196721311475,0.8901960784313725,0.9497641924323781,0.9079661445884768,1.0,1.0,1.0,1.0,0.9180327868852459,0.956140350877193,0.9319157305320638,0.8816029143897997,1.0,1.0,1.0,1.0,1.0,1.0,1.0,1.0,1.0,1.0,1.0,1.0,1.0,1.0,1.0,1.0,1.0,1.0,1.0,1.0,1.0,1.0,1.0,1.0,1.0,1.0,1.0,1.0,0.7704918032786885,0.42727272727272725,0.79209437720239,0.7062841530054645,0.8524590163934426,0.8524590163934426,0.9203539823008848,0.8524590163934426,1.0,1.0,1.0,1.0
75,0.9836065573770492,0.9878048780487805,0.9837052833187713,0.9679937548790009,1.0,1.0,1.0,1.0,1.0,1.0,1.0,1.0,1.0,1.0,1.0,1.0,0.819672131147541,0.8562925170068028,0.8351445938478542,0.7249180327868853,1.0,1.0,1.0,1.0,0.6885245901639344,0.8389830508474576,0.7872884223561344,0.6588602654176424,1.0,1.0,1.0,1.0,1.0,1.0,1.0,1.0,1.0,1.0,1.0,1.0,1.0,1.0,1.0,1.0,1.0,1.0,1.0,1.0,1.0,1.0,1.0,1.0,1.0,1.0,1.0,1.0,0.6065573770491803,0.32456140350877194,0.7128612472536758,0.5762295081967213,0.6557377049180327,0.6557377049180327,0.7920792079207921,0.6557377049180327,1.0,1.0,1.0,1.0
76,1.0,1.0,1.0,1.0,1.0,1.0,1.0,1.0,1.0,1.0,1.0,1.0,1.0,1.0,1.0,1.0,0.8688524590163934,0.8239795918367347,0.8725304749894913,0.7838439284919516,1.0,1.0,1.0,1.0,0.819672131147541,0.8107142857142857,0.8545029612069326,0.7627264883520276,1.0,1.0,1.0,1.0,0.9836065573770492,0.9666666666666667,0.98341204860288,0.9675619114056505,1.0,1.0,1.0,1.0,1.0,1.0,1.0,1.0,1.0,1.0,1.0,1.0,1.0,1.0,1.0,1.0,1.0,1.0,1.0,1.0,0.6065573770491803,0.3854166666666667,0.6129421915444349,0.5019785189372528,0.7704918032786885,0.7704918032786885,0.8703703703703703,0.7704918032786885,1.0,1.0,1.0,1.0
77,0.9836065573770492,0.9880952380952381,0.9837179740399175,0.9680327868852459,1.0,1.0,1.0,1.0,1.0,1.0,1.0,1.0,1.0,1.0,1.0,1.0,0.8852459016393442,0.8843582887700534,0.887873022492116,0.8015615888032139,1.0,1.0,1.0,1.0,0.7213114754098361,0.7571428571428571,0.7833699509886767,0.6598463371543611,1.0,1.0,1.0,1.0,0.9836065573770492,0.9761904761904762,0.9835078314353272,0.9676129548180727,1.0,1.0,1.0,1.0,1.0,1.0,1.0,1.0,1.0,1.0,1.0,1.0,1.0,1.0,1.0,1.0,1.0,1.0,1.0,1.0,0.5081967213114754,0.32978723404255317,0.5428464977645305,0.4190394017831464,0.6721311475409836,0.6721311475409836,0.8039215686274509,0.6721311475409836,1.0,1.0,1.0,1.0
78,0.9836065573770492,0.99,0.9838801413997422,0.9685792349726775,1.0,1.0,1.0,1.0,1.0,1.0,1.0,1.0,1.0,1.0,1.0,1.0,0.9344262295081968,0.8962585034013606,0.9344262295081968,0.8807916609266657,1.0,1.0,1.0,1.0,0.8524590163934426,0.9224137931034483,0.890516316837751,0.8155737704918032,1.0,1.0,1.0,1.0,0.9016393442622951,0.8333333333333333,0.8950106913756237,0.815322850451656,1.0,1.0,1.0,1.0,1.0,1.0,1.0,1.0,1.0,1.0,1.0,1.0,1.0,1.0,1.0,1.0,1.0,1.0,1.0,1.0,0.6885245901639344,0.3888888888888889,0.7219481139583002,0.6095135716205321,0.8032786885245902,0.8032786885245902,0.8909090909090909,0.8032786885245902,1.0,1.0,1.0,1.0
79,0.9508196721311475,0.9642857142857143,0.9517082056066463,0.9083457526080476,1.0,1.0,1.0,1.0,1.0,1.0,1.0,1.0,1.0,1.0,1.0,1.0,0.8852459016393442,0.9024064171122994,0.8891454848397373,0.8029777460996279,1.0,1.0,1.0,1.0,0.639344262295082,0.639344262295082,0.78,0.639344262295082,1.0,1.0,1.0,1.0,1.0,1.0,1.0,1.0,1.0,1.0,1.0,1.0,1.0,1.0,1.0,1.0,1.0,1.0,1.0,1.0,1.0,1.0,1.0,1.0,1.0,1.0,1.0,1.0,0.4918032786885246,0.30612244897959184,0.5476900149031296,0.4154889768230639,0.639344262295082,0.639344262295082,0.78,0.639344262295082,1.0,1.0,1.0,1.0
80,1.0,1.0,1.0,1.0,1.0,1.0,1.0,1.0,1.0,1.0,1.0,1.0,1.0,1.0,1.0,1.0,0.9016393442622951,0.8709273182957393,0.9000508323802261,0.82119947052235,1.0,1.0,1.0,1.0,0.7704918032786885,0.8793103448275862,0.8350691096110574,0.7299903567984571,1.0,1.0,1.0,1.0,1.0,1.0,1.0,1.0,1.0,1.0,1.0,1.0,1.0,1.0,1.0,1.0,1.0,1.0,1.0,1.0,1.0,1.0,1.0,1.0,1.0,1.0,1.0,1.0,0.5737704918032787,0.35,0.6103941402162538,0.48624617949430393,0.7213114754098361,0.7213114754098361,0.8380952380952381,0.7213114754098361,1.0,1.0,1.0,1.0
81,0.9508196721311475,0.9642857142857143,0.9517082056066463,0.9083457526080476,1.0,1.0,1.0,1.0,1.0,1.0,1.0,1.0,1.0,1.0,1.0,1.0,0.8688524590163934,0.8909722222222223,0.8745223715025268,0.7804704205274411,1.0,1.0,1.0,1.0,0.7213114754098361,0.8482142857142857,0.7841114626274247,0.657973174366617,1.0,1.0,1.0,1.0,0.9672131147540983,0.9583333333333333,0.9669317627640021,0.9361076082387558,1.0,1.0,1.0,1.0,1.0,1.0,1.0,1.0,1.0,1.0,1.0,1.0,1.0,1.0,1.0,1.0,1.0,1.0,1.0,1.0,0.5081967213114754,0.33695652173913043,0.5500482160077146,0.4329083181542198,0.639344262295082,0.639344262295082,0.78,0.639344262295082,1.0,1.0,1.0,1.0
82,0.9836065573770492,0.9897959183673469,0.9838499239479466,0.9684741488020177,1.0,1.0,1.0,1.0,1.0,1.0,1.0,1.0,1.0,1.0,1.0,1.0,0.8852459016393442,0.8215277777777779,0.8811612173817903,0.7947176684881604,1.0,1.0,1.0,1.0,0.7704918032786885,0.39166666666666666,0.8561020036429873,0.7578607901101855,1.0,1.0,1.0,1.0,1.0,1.0,1.0,1.0,1.0,1.0,1.0,1.0,1.0,1.0,1.0,1.0,1.0,1.0,1.0,1.0,1.0,1.0,1.0,1.0,1.0,1.0,1.0,1.0,0.7704918032786885,0.4051724137931034,0.8431797092483762,0.75743262017227,0.7868852459016393,0.7868852459016393,0.8807339449541284,0.7868852459016393,1.0,1.0,1.0,1.0
83,0.9836065573770492,0.9888888888888889,0.9837628448790725,0.9681774349083896,1.0,1.0,1.0,1.0,1.0,1.0,1.0,1.0,1.0,1.0,1.0,1.0,0.9344262295081968,0.9583333333333333,0.9373722974578286,0.884281581485053,1.0,1.0,1.0,1.0,0.7540983606557377,0.8728813559322034,0.833259338063446,0.7251687560270009,1.0,1.0,1.0,1.0,1.0,1.0,1.0,1.0,1.0,1.0,1.0,1.0,1.0,1.0,1.0,1.0,1.0,1.0,1.0,1.0,1.0,1.0,1.0,1.0,1.0,1.0,1.0,1.0,0.639344262295082,0.36792452830188677,0.6986648639513268,0.5842283776144716,0.7213114754098361,0.7213114754098361,0.8380952380952381,0.7213114754098361,1.0,1.0,1.0,1.0
84,0.9836065573770492,0.99,0.9838801413997422,0.9685792349726775,1.0,1.0,1.0,1.0,1.0,1.0,1.0,1.0,1.0,1.0,1.0,1.0,0.8688524590163934,0.7895136778115501,0.8651744430432955,0.7734589422149692,1.0,1.0,1.0,1.0,0.8032786885245902,0.6567796610169492,0.8644288316419465,0.7762925598991173,1.0,1.0,1.0,1.0,1.0,1.0,1.0,1.0,1.0,1.0,1.0,1.0,1.0,1.0,1.0,1.0,1.0,1.0,1.0,1.0,1.0,1.0,1.0,1.0,1.0,1.0,1.0,1.0,0.5409836065573771,0.36666666666666664,0.5179630275549354,0.3990862671324913,0.8032786885245902,0.8032786885245902,0.8909090909090909,0.8032786885245902,1.0,1.0,1.0,1.0
85,1.0,1.0,1.0,1.0,1.0,1.0,1.0,1.0,1.0,1.0,1.0,1.0,1.0,1.0,1.0,1.0,0.8852459016393442,0.8416666666666667,0.8840255461090999,0.7979785529397264,1.0,1.0,1.0,1.0,0.7704918032786885,0.7212643678160919,0.8337536780159731,0.731348985829397,1.0,1.0,1.0,1.0,1.0,1.0,1.0,1.0,1.0,1.0,1.0,1.0,1.0,1.0,1.0,1.0,1.0,1.0,1.0,1.0,1.0,1.0,1.0,1.0,1.0,1.0,1.0,1.0,0.7213114754098361,0.39285714285714285,0.7920282867245259,0.6964386659129451,0.7540983606557377,0.7540983606557377,0.8598130841121495,0.7540983606557377,1.0,1.0,1.0,1.0
86,0.9836065573770492,0.9891304347826086,0.9837808938813698,0.9682377049180327,1.0,1.0,1.0,1.0,1.0,1.0,1.0,1.0,1.0,1.0,1.0,1.0,0.9016393442622951,0.8860182370820668,0.903848895224519,0.8291513326642131,1.0,1.0,1.0,1.0,0.7704918032786885,0.8813559322033898,0.8442973238055205,0.7418032786885246,1.0,1.0,1.0,1.0,0.9836065573770492,0.9705882352941176,0.9834502698750258,0.9675774134790528,1.0,1.0,1.0,1.0,1.0,1.0,1.0,1.0,1.0,1.0,1.0,1.0,1.0,1.0,1.0,1.0,1.0,1.0,1.0,1.0,0.6885245901639344,0.3684210526315789,0.7695274831243972,0.6540983606557377,0.7377049180327869,0.7377049180327869,0.8490566037735848,0.7377049180327869,1.0,1.0,1.0,1.0
87,0.9672131147540983,0.9743589743589743,0.9674944667441947,0.9371584699453551,1.0,1.0,1.0,1.0,1.0,1.0,1.0,1.0,1.0,1.0,1.0,1.0,0.7868852459016393,0.7774599542334095,0.7877316591094059,0.6525583705911575,1.0,1.0,1.0,1.0,0.6065573770491803,0.6065573770491803,0.7551020408163265,0.6065573770491803,1.0,1.0,1.0,1.0,1.0,1.0,1.0,1.0,1.0,1.0,1.0,1.0,1.0,1.0,1.0,1.0,1.0,1.0,1.0,1.0,1.0,1.0,1.0,1.0,1.0,1.0,1.0,1.0,0.5573770491803278,0.3148148148148148,0.6615024319942353,0.5280414150129422,0.6065573770491803,0.6065573770491803,0.7551020408163265,0.6065573770491803,1.0,1.0,1.0,1.0
88,0.9836065573770492,0.9886363636363636,0.9837465342270316,0.9681238615664846,1.0,1.0,1.0,1.0,1.0,1.0,1.0,1.0,1.0,1.0,1.0,1.0,0.9016393442622951,0.9110942249240122,0.9056010928961747,0.8312122519413288,1.0,1.0,1.0,1.0,0.6885245901639344,0.35,0.802164571064778,0.6772373018005912,1.0,1.0,1.0,1.0,1.0,1.0,1.0,1.0,1.0,1.0,1.0,1.0,1.0,1.0,1.0,1.0,1.0,1.0,1.0,1.0,1.0,1.0,1.0,1.0,1.0,1.0,1.0,1.0,0.39344262295081966,0.32432432432432434,0.36393442622950817,0.2599531615925058,0.7049180327868853,0.7049180327868853,0.8269230769230769,0.7049180327868853,1.0,1.0,1.0,1.0
89,1.0,1.0,1.0,1.0,1.0,1.0,1.0,1.0,1.0,1.0,1.0,1.0,1.0,1.0,1.0,1.0,0.9344262295081968,0.932370820668693,0.9358992634830126,0.8817904210864672,1.0,1.0,1.0,1.0,0.7377049180327869,0.6271929824561404,0.8009643201542912,0.6883084807508258,1.0,1.0,1.0,1.0,0.9836065573770492,0.9705882352941176,0.9834502698750258,0.9675774134790528,1.0,1.0,1.0,1.0,1.0,1.0,1.0,1.0,1.0,1.0,1.0,1.0,1.0,1.0,1.0,1.0,1.0,1.0,1.0,1.0,0.639344262295082,0.38235294117647056,0.6793032786885246,0.5720448662640207,0.7377049180327869,0.7377049180327869,0.8490566037735848,0.7377049180327869,1.0,1.0,1.0,1.0
90,0.9836065573770492,0.9886363636363636,0.9837465342270316,0.9681238615664846,1.0,1.0,1.0,1.0,1.0,1.0,1.0,1.0,1.0,1.0,1.0,1.0,0.9180327868852459,0.9479166666666667,0.9223911994932619,0.8588342440801456,1.0,1.0,1.0,1.0,0.7049180327868853,0.7049180327868853,0.8269230769230769,0.7049180327868853,1.0,1.0,1.0,1.0,0.9672131147540983,0.95,0.9667406220469207,0.9359512009149829,1.0,1.0,1.0,1.0,1.0,1.0,1.0,1.0,1.0,1.0,1.0,1.0,1.0,1.0,1.0,1.0,1.0,1.0,1.0,1.0,0.639344262295082,0.3979591836734694,0.6810406272273699,0.5910918651407361,0.7049180327868853,0.7049180327868853,0.8269230769230769,0.7049180327868853,1.0,1.0,1.0,1.0
91,0.9344262295081968,0.9555555555555555,0.9365442453509553,0.881967213114754,1.0,1.0,1.0,1.0,1.0,1.0,1.0,1.0,1.0,1.0,1.0,1.0,0.819672131147541,0.8293269230769231,0.8317062688033401,0.720327868852459,1.0,1.0,1.0,1.0,0.6721311475409836,0.6721311475409836,0.8039215686274509,0.6721311475409836,0.9672131147540983,0.9767441860465116,0.9676856074612763,0.9377049180327869,1.0,1.0,1.0,1.0,1.0,1.0,1.0,1.0,1.0,1.0,1.0,1.0,1.0,1.0,1.0,1.0,1.0,1.0,1.0,1.0,1.0,1.0,1.0,1.0,0.6229508196721312,0.3275862068965517,0.7299221725451233,0.5923138941144853,0.6721311475409836,0.6721311475409836,0.8039215686274509,0.6721311475409836,1.0,1.0,1.0,1.0
92,1.0,1.0,1.0,1.0,1.0,1.0,1.0,1.0,1.0,1.0,1.0,1.0,1.0,1.0,1.0,1.0,0.8852459016393442,0.9222222222222223,0.8907053181198945,0.8054169636493229,1.0,1.0,1.0,1.0,0.639344262295082,0.8166666666666667,0.7641630422660868,0.623663578047042,1.0,1.0,1.0,1.0,1.0,1.0,1.0,1.0,1.0,1.0,1.0,1.0,1.0,1.0,1.0,1.0,1.0,1.0,1.0,1.0,1.0,1.0,1.0,1.0,1.0,1.0,1.0,1.0,0.4262295081967213,0.30952380952380953,0.4475409836065575,0.331511839708561,0.6229508196721312,0.6229508196721312,0.7676767676767677,0.6229508196721312,1.0,1.0,1.0,1.0
93,0.9836065573770492,0.9886363636363636,0.9837465342270316,0.9681238615664846,1.0,1.0,1.0,1.0,1.0,1.0,1.0,1.0,1.0,1.0,1.0,1.0,0.9672131147540983,0.9777777777777779,0.9678048566669588,0.9380692167577414,1.0,1.0,1.0,1.0,0.7540983606557377,0.8706896551724138,0.823660351983676,0.7131147540983607,1.0,1.0,1.0,1.0,1.0,1.0,1.0,1.0,1.0,1.0,1.0,1.0,1.0,1.0,1.0,1.0,1.0,1.0,1.0,1.0,1.0,1.0,1.0,1.0,1.0,1.0,1.0,1.0,0.5737704918032787,0.35714285714285715,0.6111903064861013,0.4932412999712396,0.7049180327868853,0.7049180327868853,0.8269230769230769,0.7049180327868853,1.0,1.0,1.0,1.0
94,1.0,1.0,1.0,1.0,1.0,1.0,1.0,1.0,1.0,1.0,1.0,1.0,1.0,1.0,1.0,1.0,0.8688524590163934,0.8615288220551378,0.8705317872850861,0.7737704918032786,1.0,1.0,1.0,1.0,0.6721311475409836,0.8333333333333333,0.7883755588673622,0.6565183450429353,1.0,1.0,1.0,1.0,0.9672131147540983,0.9761904761904762,0.9676329468212715,0.9375487900078064,1.0,1.0,1.0,1.0,1.0,1.0,1.0,1.0,1.0,1.0,1.0,1.0,1.0,1.0,1.0,1.0,1.0,1.0,1.0,1.0,0.6065573770491803,0.3490566037735849,0.6913449673893884,0.574063231850117,0.6557377049180327,0.6557377049180327,0.7920792079207921,0.6557377049180327,1.0,1.0,1.0,1.0
95,0.9672131147540983,0.9767441860465116,0.9676856074612763,0.9377049180327869,1.0,1.0,1.0,1.0,1.0,1.0,1.0,1.0,1.0,1.0,1.0,1.0,0.8524590163934426,0.8435828877005347,0.8558367432041492,0.752824494623982,1.0,1.0,1.0,1.0,0.7213114754098361,0.853448275862069,0.8003772579681346,0.6795081967213116,0.9836065573770492,0.9880952380952381,0.9837179740399175,0.9680327868852459,0.9836065573770492,0.9761904761904762,0.9835078314353272,0.9676129548180727,1.0,1.0,1.0,1.0,1.0,1.0,1.0,1.0,1.0,1.0,1.0,1.0,1.0,1.0,1.0,1.0,1.0,1.0,1.0,1.0,0.5409836065573771,0.3235294117647059,0.5997861724875266,0.4676298971936649,0.6721311475409836,0.6721311475409836,0.8039215686274509,0.6721311475409836,1.0,1.0,1.0,1.0
96,0.9508196721311475,0.9583333333333333,0.9511424306405413,0.9069086651053864,1.0,1.0,1.0,1.0,1.0,1.0,1.0,1.0,1.0,1.0,1.0,1.0,0.8524590163934426,0.8761904761904762,0.8559237753039686,0.7492175543575673,1.0,1.0,1.0,1.0,0.5573770491803278,0.775,0.6991739455497001,0.5415690866510539,0.9672131147540983,0.9714285714285714,0.9673381192185435,0.9367681498829039,0.9672131147540983,0.9666666666666667,0.9671601187111364,0.9364133134624939,1.0,1.0,1.0,1.0,1.0,1.0,1.0,1.0,1.0,1.0,1.0,1.0,1.0,1.0,1.0,1.0,1.0,1.0,1.0,1.0,0.4918032786885246,0.2727272727272727,0.6147540983606558,0.4663651780667044,0.5409836065573771,0.5409836065573771,0.7021276595744682,0.5409836065573771,1.0,1.0,1.0,1.0
97,1.0,1.0,1.0,1.0,1.0,1.0,1.0,1.0,1.0,1.0,1.0,1.0,1.0,1.0,1.0,1.0,0.9016393442622951,0.8979328165374676,0.9030568223838286,0.8255340288127173,1.0,1.0,1.0,1.0,0.7213114754098361,0.853448275862069,0.8003772579681346,0.6795081967213116,1.0,1.0,1.0,1.0,1.0,1.0,1.0,1.0,1.0,1.0,1.0,1.0,1.0,1.0,1.0,1.0,1.0,1.0,1.0,1.0,1.0,1.0,1.0,1.0,1.0,1.0,1.0,1.0,0.5409836065573771,0.34375,0.583532878983238,0.46370023419203743,0.6721311475409836,0.6721311475409836,0.8039215686274509,0.6721311475409836,1.0,1.0,1.0,1.0
98,0.9836065573770492,0.9893617021276595,0.9838010661512183,0.9683060109289617,1.0,1.0,1.0,1.0,1.0,1.0,1.0,1.0,1.0,1.0,1.0,1.0,0.9508196721311475,0.9263888888888889,0.9502966626181857,0.9066250846344815,1.0,1.0,1.0,1.0,0.7540983606557377,0.6313559322033898,0.8328970932635348,0.7274590163934426,1.0,1.0,1.0,1.0,1.0,1.0,1.0,1.0,1.0,1.0,1.0,1.0,1.0,1.0,1.0,1.0,1.0,1.0,1.0,1.0,1.0,1.0,1.0,1.0,1.0,1.0,1.0,1.0,0.6885245901639344,0.38181818181818183,0.749878266515176,0.6418449569324812,0.7540983606557377,0.7540983606557377,0.8598130841121495,0.7540983606557377,1.0,1.0,1.0,1.0
99,0.9508196721311475,0.9705882352941176,0.9532819283353853,0.9129886506935687,1.0,1.0,1.0,1.0,1.0,1.0,1.0,1.0,1.0,1.0,1.0,1.0,0.8852459016393442,0.8509803921568628,0.8909911661158988,0.8130735127332716,1.0,1.0,1.0,1.0,0.7868852459016393,0.7868852459016393,0.8807339449541284,0.7868852459016393,1.0,1.0,1.0,1.0,1.0,1.0,1.0,1.0,1.0,1.0,1.0,1.0,1.0,1.0,1.0,1.0,1.0,1.0,1.0,1.0,1.0,1.0,1.0,1.0,1.0,1.0,1.0,1.0,0.7213114754098361,0.39285714285714285,0.776796973518285,0.673224043715847,0.7868852459016393,0.7868852459016393,0.8807339449541284,0.7868852459016393,1.0,1.0,1.0,1.0
